,B.O.D. (mg/l) : Max : < 3 mg/l,B.O.D. (mg/l) : Mean : < 3 mg/l,B.O.D. (mg/l) : Min : < 3 mg/l,CONDUCTIVITY (µmhos/cm) : Max,CONDUCTIVITY (µmhos/cm) : Mean,CONDUCTIVITY (µmhos/cm) : Min,FECAL COLIFORM (MPN/100ml) : Max : < 2500 MPN/100ml,FECAL COLIFORM (MPN/100ml) : Mean : < 2500 MPN/100ml,FECAL COLIFORM (MPN/100ml) : Min : < 2500 MPN/100ml,NITRATE- N+ NITRITE-N (mg/l) : Max,NITRATE- N+ NITRITE-N (mg/l) : Mean,NITRATE- N+ NITRITE-N (mg/l) : Min,TEMPERATURE ºC : Max,TEMPERATURE ºC : Mean,TEMPERATURE ºC : Min,TOTAL COLIFORM (MPN/100ml) : Max : < 5000 MPN/100ml,TOTAL COLIFORM (MPN/100ml) : Mean : < 5000 MPN/100ml,TOTAL COLIFORM (MPN/100ml) : Min : < 5000 MPN/100ml,pH : Max : 6.5-8.5,pH : Mean : 6.5-8.5,pH : Min : 6.5-8.5,STATION CODE,LOCATIONS,State
0,166.84645065061395,0.0,0.0,2050.0,2050.0,2050.0,249617887.3984283,125192171.16525713,77111928.87687077,2.5,2.5,2.5,23.0,23.0,23.0,400.0,400.0,400.0,7.0,7.0,7.0,1513.0,"B W. - KRISHNA MURTHY, D.NO. 48-16-43 AUTONAGAR VIJJAYAWADA, KRISNA DIST., A.P.",andhra_pradesh
1,234.27516659541863,31.02760335976268,22.78772162205149,1639.0,1639.0,1639.0,0.0,19257631.186791852,0.0,1.2,1.2,1.2,23.0,23.0,23.0,400.0,400.0,400.0,7.3,7.3,7.3,1514.0,"B/W. - VIJAY KUMAR AUTONAGAR VIJAYAWADA, KRISHNA DIST., A.P.",andhra_pradesh
2,0.6,0.6,0.6,1569.0,1569.0,1569.0,0.0,178447665.1209825,12048834.635600802,2.8,2.8,2.8,19.0,19.0,19.0,400.0,400.0,400.0,7.4,7.4,7.4,1515.0,"B/W. - NAGARAM(V), PALVONCHA, KHAMMAM DIST., A.P.",andhra_pradesh
3,0.0,55.28205034898757,0.0,1119.0,1119.0,1119.0,182888978.38591143,56510506.98429114,25916757.40411458,0.5,0.5,0.5,29.0,29.0,29.0,400.0,400.0,400.0,7.4,7.4,7.4,1516.0,B W OF NAVLOK GARDENS NELLORE AP,andhra_pradesh
4,1.0,0.9,0.8,1950.0,1687.0,1520.0,0.0,0.0,0.0,8.0,4.6,3.1,30.6,28.5,27.0,40.0,32.0,20.0,8.1,7.9,7.2,1517.0,"B/W. - TUNGBHADRA RIVER NEAR KURNOOL, A.P.",andhra_pradesh
5,1.6,1.4,1.0,5000.0,3720.0,2150.0,0.0,0.0,0.0,14.0,8.4,4.0,35.0,29.6,27.0,50.0,36.0,20.0,8.2,7.9,7.8,1518.0,"B/W. - NANDYAL, KURNOOL DIST., A.P.",andhra_pradesh
6,1.8,1.4,1.1,1510.0,1131.0,730.0,0.0,0.0,0.0,3.1,1.7,0.0,37.0,29.2,27.0,30.0,30.0,30.0,8.1,7.9,7.8,1519.0,"B/W. - NAGIRI, CHITTOOR DIST., A.P",andhra_pradesh
7,1.5,1.3,1.1,1100.0,966.0,723.0,0.0,0.0,0.0,11.5,4.6,2.1,39.5,31.1,27.0,40.0,34.0,20.0,8.3,7.9,7.6,1520.0,"B/W. - SWARNAMUKHI RIVER, SRIKALAHASTI, CHITTOOR DIST., A.P.",andhra_pradesh
8,1.0,1.0,1.0,1790.0,1790.0,1790.0,9.0,9.0,9.0,5.4,5.4,5.4,25.0,25.0,25.0,120.0,120.0,120.0,7.7,7.7,7.7,1521.0,"O/W. - NEAR RAMA TEMPLE , WARD NO.2 , MINDI , VISAKHAPATNAM, A.P",andhra_pradesh
9,1.2,1.1,1.0,1343.0,962.0,771.0,23.0,16.0,4.0,1.8,1.4,1.1,29.0,26.0,25.0,150.0,84.0,4.0,7.7,7.4,7.2,1522.0,"O/W. PEDDANUYYI - VIZIANAGARAM, A.P",andhra_pradesh
10,1.0,1.0,1.0,347.0,347.0,347.0,3.0,3.0,3.0,0.2,0.2,0.2,27.0,27.0,27.0,14.0,14.0,14.0,7.9,7.9,7.9,1523.0,"B/W. - NEAR M/S ANDHRA SUGARS LTD. , KOVVUR , W.G.DIST., A.P",andhra_pradesh
11,1.2,1.2,1.2,1904.0,1904.0,1904.0,4.0,4.0,4.0,1.5,1.5,1.5,26.0,26.0,26.0,4.0,4.0,4.0,7.4,7.4,7.4,1524.0,"O/W. -NEAR PARTAP NAGAR BRIIDGE -KAKINADA , E.G.DIST., A.P",andhra_pradesh
12,6.8,6.8,6.8,3180.0,3180.0,3180.0,10.0,10.0,10.0,8.0,8.0,8.0,32.0,32.0,32.0,86.0,86.0,86.0,7.7,7.7,7.7,1795.0,"B/W. - PANCHAYAT OFFICE , , BOLLARAM (V) MEDAK DIST., A.P",andhra_pradesh
13,1.0,1.0,1.0,1462.0,1462.0,1462.0,10.0,10.0,10.0,5.0,5.0,5.0,28.0,28.0,28.0,64.0,64.0,64.0,7.5,7.5,7.5,1810.0,"B/W - SRI RAMNAGAR COLONY, SAKKAR NAGAR, BODHAN, NIZAMABAD DIST. , A.P",andhra_pradesh
14,1.8,1.8,1.8,4010.0,4010.0,4010.0,10.0,10.0,10.0,2.0,2.0,2.0,29.0,29.0,29.0,32.0,32.0,32.0,6.9,6.9,6.9,1811.0,"B/W. - PRIMARY SCHOOL - RUDRAVELLI (V) , BIBINAGAR (M), NALGONDA DIST., A.P",andhra_pradesh
15,253.87352803372144,41.23304910318882,0.0,1976.0,1976.0,1976.0,108130002.23472963,24803991.38884613,0.0,5.2,5.2,5.2,23.0,23.0,23.0,400.0,400.0,400.0,7.1,7.1,7.1,3087.0,"BORE WELL NEAR VILLAGE SECRETARIAT, PATHAPADU (V), KRISHNA, A.P.",andhra_pradesh
16,216.40678050058418,66.54445928761261,0.0,1700.0,1700.0,1700.0,0.0,0.0,78161027.63872759,0.7,0.7,0.7,20.0,20.0,20.0,400.0,400.0,400.0,7.2,7.2,7.2,3088.0,"B/W AT J.NARASIMHA RAOS HOUSE, 14NOS. AREA, RAMAVARAM, NEAR MWS DUMPSITE, KOTHAGUDEM, KHAMMAM, A.P.",andhra_pradesh
17,1.2,1.2,1.2,2951.0,2951.0,2951.0,4.0,4.0,4.0,4.7,4.7,4.7,25.0,25.0,25.0,9.0,9.0,9.0,7.7,7.7,7.7,3089.0,"HAND PUMP AT TANAM VILL., VISHAKHAPATNAM, A.P.",andhra_pradesh
18,1.0,1.0,1.0,2311.0,2311.0,2311.0,120.0,120.0,120.0,8.6,8.6,8.6,26.0,26.0,26.0,2400.0,2400.0,2400.0,7.2,7.2,7.2,3090.0,"HAND PUMP AT PITTAVANIPALEM, VISHAKHAPATNAM , A.P.",andhra_pradesh
19,1.0,1.0,1.0,2608.0,2608.0,2608.0,4.0,4.0,4.0,8.8,8.8,8.8,25.0,25.0,25.0,28.0,28.0,28.0,7.8,7.8,7.8,3091.0,"BORE WELL AT KAPULUPPADA DUMPSITE, VISHAKHAPATNAM, A.P.",andhra_pradesh
20,1.0,1.0,1.0,911.0,911.0,911.0,9.0,9.0,9.0,3.5,3.5,3.5,25.0,25.0,25.0,120.0,120.0,120.0,7.6,7.6,7.6,3092.0,"BORE WELL AT ARINAMA AKKIVALASA, SRIKAKULAM, A.P.",andhra_pradesh
21,1.0,1.0,1.0,2096.0,2096.0,2096.0,4.0,4.0,4.0,6.3,6.3,6.3,25.0,25.0,25.0,11.0,11.0,11.0,7.9,7.9,7.9,3093.0,"B/W AT ALLADAPALEM VILLAGE, PYDIBHIMAVARAM, DISTT SRIKAKULAM, A.P.",andhra_pradesh
22,16.0,16.0,16.0,896.0,896.0,896.0,0.0,75951945.8453032,0.0,0.0,0.0,0.0,0.0,0.0,0.0,3289485647.6528125,193058014.63016415,57421193.49708429,7.6,7.6,7.6,3094.0,"Bore well at Akbarnagar, Ramagundam ",andhra_pradesh
23,34.0,34.0,34.0,1184.0,1184.0,1184.0,0.0,50309421.70702213,30851672.888199504,0.0,0.0,0.0,0.0,0.0,0.0,0.0,952045700.7693448,0.0,7.9,7.9,7.9,1791.0,Borewell at Pydipally near East side of Sai cheruvu ,andhra_pradesh
24,56.0,56.0,56.0,1312.0,1312.0,1312.0,0.0,77442893.88191292,0.0,0.0,0.0,0.0,0.0,0.0,0.0,9338586498.409935,0.0,0.0,8.1,8.1,8.1,1792.0,"Borewell at CKM College, Enamamula ",andhra_pradesh
25,21.0,21.0,21.0,1784.0,1784.0,1784.0,0.0,51519879.09177811,34765286.805442296,0.0,0.0,0.0,0.0,0.0,0.0,0.0,0.0,3558783.7768670367,8.1,8.1,8.1,1793.0,Open well at Kundanpally near ash ponds of NTPC ,andhra_pradesh
26,24.0,24.0,24.0,1099.0,1099.0,1099.0,209556770.23691833,0.0,0.0,0.0,0.0,0.0,0.0,0.0,0.0,0.0,844622610.0783578,90769520.66562389,8.0,8.0,8.0,1794.0,Borewell at Manakondur ,andhra_pradesh
27,12.0,12.0,12.0,1577.0,1577.0,1577.0,0.0,0.0,0.0,0.0,0.0,0.0,0.0,0.0,0.0,0.0,790009418.8613625,0.0,7.6,7.6,7.6,16.0,Open well at Tadavai ,andhra_pradesh
28,120.1147255181062,116.07011759226772,38.654741021265075,1738.0,1738.0,1738.0,0.0,0.0,13302247.31792829,0.95,1.0,0.95,22.0,22.0,22.0,400.0,400.0,400.0,7.3,7.3,7.3,26.0,Borewell at Vijayawada,andhra_pradesh
29,1.0,1.0,1.0,497.0,497.0,497.0,10.0,10.0,10.0,3.0,3.0,3.0,30.0,30.0,30.0,24.0,24.0,24.0,7.9,7.9,7.9,27.0,B/w at Peddavoora ,andhra_pradesh
30,2.0,1.4,0.7,762.0,748.0,734.0,36.0,18.0,0.0,8.6,7.0,5.4,24.0,23.5,23.0,24000.0,12000.0,0.0,6.6,6.5,6.4,1533.0,"*DIGBOI, TINSUKIA DISTT.,  ASSAM",assam
31,1.5,1.1,0.7,470.0,338.0,205.0,150.0,75.0,0.0,1.2,0.7,0.2,24.0,23.5,23.0,11000.0,5500.0,0.0,6.5,6.4,6.2,1534.0,"*KARBI  ANGLONG DISTT., ASSAM",assam
32,1.8,1.4,0.9,364.0,333.0,302.0,0.0,0.0,0.0,0.7,0.5,0.3,25.0,24.5,24.0,91.0,91.0,91.0,7.5,7.0,6.4,1535.0,"*SIBSAGAR , ASSAM",assam
33,2.4,1.9,1.3,885.0,791.0,696.0,0.0,0.0,0.0,0.4,0.3,0.1,25.0,22.5,20.0,91.0,46.0,0.0,5.8,5.7,5.5,1536.0,"*SIBSAGAR, ASSAM",assam
34,3.3,2.2,1.1,579.0,510.0,440.0,72.0,54.0,36.0,3.8,3.1,2.4,25.0,24.5,24.0,4600.0,3350.0,2100.0,7.4,7.0,6.6,1537.0,"*(JORHAT, ASSAM",assam
35,1.0,0.7,0.3,149.0,125.0,100.0,36.0,18.0,0.0,4.8,3.7,2.5,24.0,22.0,20.0,4600.0,2300.0,0.0,5.4,5.1,4.7,1538.0,"*SILCHAR, ASSAM",assam
36,2.9,2.0,1.0,1043.0,599.0,154.0,0.0,0.0,0.0,2.5,1.5,0.5,31.0,27.5,24.0,0.0,0.0,0.0,7.4,6.8,6.2,1539.0,"*BARPETA, ASSAM",assam
37,1.3,1.1,0.9,746.0,446.0,146.0,0.0,0.0,0.0,0.4,0.3,0.1,32.0,27.5,23.0,0.0,0.0,0.0,6.4,5.9,5.3,1540.0,"*BONAIGAON, ASSAM",assam
38,3.8,2.4,1.0,1362.0,1048.0,734.0,240.0,120.0,0.0,12.2,9.8,7.4,24.0,23.0,22.0,24000.0,12115.0,230.0,6.4,6.4,6.3,1541.0,"*GUWAHATI, ASSAM",assam
39,2.4,1.5,0.6,991.0,716.0,440.0,36.0,18.0,0.0,1.1,0.9,0.6,26.0,25.0,24.0,91.0,46.0,0.0,7.3,6.9,6.5,1542.0,"*GUWAHATI, ASSAM",assam
40,0.9,0.8,0.7,745.0,591.0,436.0,0.0,0.0,0.0,9.8,8.3,6.7,23.0,23.0,23.0,0.0,0.0,0.0,5.7,5.7,5.7,2243.0,"GROUND WATER FROM LEDO, MARGHERITA",assam
41,1.4,1.1,0.8,604.0,562.0,520.0,9300.0,4650.0,0.0,3.8,3.6,3.3,25.0,23.0,21.0,9301.0,4669.0,36.0,6.9,6.6,6.3,2244.0,GROUND WATER FROM NAZIRA,assam
42,1.1,1.0,0.9,400.0,248.0,95.0,430.0,230.0,30.0,4.0,2.5,1.0,28.0,26.5,25.0,1500.0,966.0,431.0,5.9,5.7,5.4,2245.0,GROUND WATER FROM NUMALIGARH (NEAR NRL TE LABOR COLONY),assam
43,0.9,0.8,0.7,617.0,544.0,470.0,0.0,0.0,0.0,0.2,0.1,0.0,22.0,21.0,20.0,0.0,0.0,0.0,6.9,6.6,6.2,2246.0,GROUND WATER FROM SEMENCHAPARI,assam
44,0.7,0.5,0.2,706.0,649.0,591.0,0.0,0.0,0.0,6.3,3.3,0.3,22.0,21.0,20.0,36.0,18.0,0.0,6.2,6.2,6.1,2247.0,GROUND WATER FROM SILAPATHAR,assam
45,3.2,2.2,1.2,823.0,817.0,810.0,0.0,0.0,0.0,9.8,5.6,1.4,26.0,26.0,26.0,360.0,195.0,30.0,7.1,6.6,6.0,2248.0,GROUND WATER FROM LAKHIMPUR TOWN,assam
46,1.1,1.1,1.0,247.0,195.0,142.0,0.0,0.0,0.0,1.7,1.3,0.8,28.0,27.0,26.0,36.0,18.0,0.0,6.4,6.1,5.8,2249.0,GROUND WATER FROM TEZPUR (MISSION CHARIALI),assam
47,0.7,0.6,0.4,578.0,475.0,371.0,0.0,0.0,0.0,2.1,1.6,1.0,29.0,28.5,28.0,0.0,0.0,0.0,6.6,6.6,6.5,2250.0,GROUND WATER FROM NAGAON (PANIGAON),assam
48,4.2,2.4,0.5,1648.0,1322.0,995.0,73.0,37.0,0.0,8.6,7.3,5.9,29.0,27.0,25.0,11000.0,5500.0,0.0,7.2,6.5,5.7,2251.0,GROUND WATER FROM JAGIROAD NEAR HPC EFFLUENT DISCHARGE POINT,assam
49,1.3,1.3,1.3,417.0,417.0,417.0,0.0,0.0,0.0,0.1,0.1,0.1,24.0,24.0,24.0,0.0,0.0,0.0,6.4,6.4,6.4,2252.0,GROUND WATER NEAR MSW DUMPING SITE AT GARCHUK-GUWAHATI,assam
50,1.1,1.1,1.1,745.0,601.0,456.0,0.0,0.0,0.0,6.5,5.5,4.4,26.0,25.5,25.0,0.0,0.0,0.0,7.1,6.9,6.6,2253.0,GROUND WATER FROM NALBARI,assam
51,0.5,0.3,0.1,1205.0,1038.0,870.0,930.0,465.0,0.0,0.2,0.2,0.2,32.0,28.6,25.1,110000.0,55000.0,0.0,7.0,6.9,6.8,2254.0,GROUND WATER FROM BARPETA ROAD(RLY STATION),assam
52,1.0,0.8,0.6,893.0,747.0,600.0,0.0,0.0,0.0,7.3,6.1,4.9,32.0,29.3,26.5,4600.0,2300.0,0.0,7.4,6.9,6.4,2255.0,"GROUND WATER NEAR BPRL, DHALIGAON",assam
53,0.6,0.6,0.6,893.0,515.0,136.0,91.0,46.0,0.0,4.9,4.0,3.0,32.0,28.5,25.0,930.0,645.0,360.0,6.5,6.5,6.4,2256.0,GROUND WATER FROM KOKRAJHAR DISTRICT (HS SCHOOL ),assam
54,1.2,0.9,0.5,1036.0,883.0,729.0,2300.0,1150.0,0.0,0.5,0.3,0.1,34.0,29.1,24.2,2301.0,1196.0,91.0,7.2,7.2,7.2,2257.0,GROUND WATER FROM DHUBRI DISTRICT (COLLEGE NAGAR ),assam
55,1.1,0.8,0.4,613.0,539.0,465.0,0.0,0.0,0.0,3.1,3.0,2.8,33.0,30.0,27.0,2300.0,1265.0,230.0,6.6,6.6,6.5,2258.0,GROUND WATER FROM GOALPARA DIST. (GOALPARA COLLEGE ),assam
56,2.8,1.8,0.7,1904.0,1515.0,1126.0,0.0,0.0,0.0,1.9,1.6,1.2,29.0,28.5,28.0,0.0,0.0,0.0,7.5,7.4,7.2,2259.0,GROUND WATER FROM DIPHU (GOVT. COLLEGE),assam
57,3.9,2.2,0.4,668.0,566.0,464.0,0.0,0.0,0.0,0.2,0.2,0.2,20.0,16.0,12.0,150.0,75.0,0.0,7.1,7.1,7.1,2261.0,GROUND WATER FROM HAFLONG,assam
58,0.9,0.9,0.9,330.0,330.0,330.0,0.0,0.0,0.0,4.7,4.7,4.7,12.0,12.0,12.0,430.0,430.0,430.0,6.5,6.5,6.5,2262.0,GROUND WATER FROM KARIMGANJ (COLLEGE),assam
59,0.5,0.5,0.4,417.0,363.0,309.0,0.0,0.0,0.0,1.6,1.1,0.5,20.0,16.5,13.0,0.0,0.0,0.0,6.9,6.6,6.2,2263.0,GROUND WATER FROM HIALAKANDI (NEAR ASTC BUS STAND ),assam
60,4.1,3.6,3.1,1190.0,662.0,134.0,910.0,455.0,0.0,4.0,2.3,0.6,21.0,17.5,14.0,29000.0,14640.0,280.0,6.5,6.5,6.4,2264.0,GROUND WATER IN PANCHGRAM MARKET NEAR CACHAR PAPER MILL,assam
61,175.9954209086776,0.0,0.0,1140.0,1140.0,1140.0,11.0,11.0,11.0,0.0,0.0,0.0,22.0,22.0,22.0,22.0,22.0,22.0,7.1,7.1,7.1,1825.0,PATNA,bihar
62,85.41026469000793,0.0,0.0,609.0,609.0,609.0,7.0,7.0,7.0,0.0,0.0,0.0,25.0,25.0,25.0,17.0,17.0,17.0,7.7,7.7,7.7,1826.0,PATNA,bihar
63,94.8260371657858,174.1156939585848,43.470583955159476,651.0,651.0,651.0,0.0,53428208.909046225,0.0,0.0,0.0,0.0,21.0,21.0,21.0,0.0,340433713.61141217,85109711.91502622,7.5,7.5,7.5,1827.0,PATNA,bihar
64,115.87181042937415,33.251258882702736,10.231069210115685,635.0,635.0,635.0,214020567.30438173,0.0,0.0,0.0,0.0,0.0,21.0,21.0,21.0,6975986088.218734,0.0,0.0,7.4,7.4,7.4,1828.0,PATNA,bihar
65,0.0,0.0,0.0,637.0,637.0,637.0,0.0,50472491.73955401,29903850.385497805,0.0,0.0,0.0,21.0,21.0,21.0,9603646821.51235,586617793.4539132,26952174.56157599,7.5,7.5,7.5,1829.0,PATNA,bihar
66,0.0,115.50946166018616,6.528617831330313,1190.0,1190.0,1190.0,227624676.98284686,0.0,0.0,0.0,0.0,0.0,22.0,22.0,22.0,0.0,460169356.12111694,59933895.57349295,7.1,7.1,7.1,1830.0,MUZAFFARPUR,bihar
67,0.0,37.668802741761546,14.157371511402555,845.0,845.0,845.0,0.0,0.0,23699232.75455997,0.0,0.0,0.0,22.0,22.0,22.0,0.0,607041865.3280884,41209162.55515519,7.3,7.3,7.3,1831.0,MUZAFFARPUR,bihar
68,155.6900160297713,0.0,0.0,0.0,0.0,0.0,6.0,6.0,6.0,0.0,0.0,0.0,24.0,24.0,24.0,14.0,14.0,14.0,7.4,7.4,7.4,1832.0,BEGUSARAI,bihar
69,0.0,37.622171730606624,2.7406294270883422,7757389.822586851,2796383.5932295914,0.0,4.0,4.0,4.0,0.0,0.0,0.0,24.0,24.0,24.0,7.0,7.0,7.0,7.5,7.5,7.5,1833.0,BEGUSARAI,bihar
70,0.0,0.0,0.0,0.0,0.0,2570740.845821065,4.0,4.0,4.0,0.0,0.0,0.0,26.0,26.0,26.0,8.0,8.0,8.0,7.4,7.4,7.4,1834.0,PURNEA,bihar
71,48.54369735610033,42.05116132276756,0.0,1450352.425237126,0.0,0.0,6.0,6.0,6.0,0.0,0.0,0.0,24.0,24.0,24.0,12.0,12.0,12.0,7.4,7.4,7.4,1835.0,PURNEA,bihar
72,167.1630161975664,8.866866895928618,38.55334336476357,1715920.8702368303,0.0,0.0,6.0,6.0,6.0,0.0,0.0,0.0,26.0,26.0,26.0,20.0,20.0,20.0,7.4,7.4,7.4,1836.0,BEGUSARAI,bihar
73,100.2605516528059,0.0,96.04101611794367,0.0,199002.36393675764,2152720.6772023747,7.0,7.0,7.0,0.0,0.0,0.0,26.0,26.0,26.0,21.0,21.0,21.0,7.3,7.3,7.3,1837.0,BEGUSARAI,bihar
74,0.0,145.97941582162952,0.0,0.0,8577807.331439806,243173.5245298088,2.0,2.0,2.0,0.0,0.0,0.0,26.0,26.0,26.0,4.0,4.0,4.0,7.3,7.3,7.3,1838.0,MUNGER,bihar
75,0.0,60.89117889903168,126.35708958775959,0.0,2563218.7066009524,0.0,4.0,4.0,4.0,0.0,0.0,0.0,25.0,25.0,25.0,9.0,9.0,9.0,7.4,7.4,7.4,1839.0,MUNGER,bihar
76,0.0,87.32510104708169,0.0,768.0,768.0,768.0,11.0,11.0,11.0,0.0,0.0,0.0,27.0,27.0,27.0,27.0,27.0,27.0,7.5,7.5,7.5,1840.0,MOTIHARI,bihar
77,0.0,0.0,45.8537521639419,516.0,516.0,516.0,0.0,112077963.67066956,0.0,0.0,0.0,0.0,26.0,26.0,26.0,0.0,574437235.950953,0.0,7.7,7.7,7.7,1844.0,"CHAPRA (SPECIFY LOCATION), BIHAR",bihar
78,82.45163335039038,0.0,0.0,546.0,546.0,546.0,8.0,8.0,8.0,0.0,0.0,0.0,25.0,25.0,25.0,13.0,13.0,13.0,7.7,7.7,7.7,2578.0,BHOJPUR,bihar
79,0.0,12.44776752901117,0.0,542.0,542.0,542.0,8.0,8.0,8.0,0.0,0.0,0.0,26.0,26.0,26.0,17.0,17.0,17.0,7.7,7.7,7.7,2579.0,WELL AT BUXAR,bihar
80,44.19580262698835,46.30948657447289,0.0,896.0,896.0,896.0,6.0,6.0,6.0,0.0,0.0,0.0,27.0,27.0,27.0,14.0,14.0,14.0,7.2,7.2,7.2,2581.0,WELL-1 AT DARBHANGA,bihar
81,18.615242038234985,0.0,0.0,886.0,886.0,886.0,6.0,6.0,6.0,0.0,0.0,0.0,22.0,22.0,22.0,17.0,17.0,17.0,7.8,7.8,7.8,2582.0,WELL-2 AT DARBHANGA,bihar
82,114.72689378954614,15.485862531214604,70.16758431493976,610.0,610.0,610.0,4.0,4.0,4.0,0.0,0.0,0.0,24.0,24.0,24.0,11.0,11.0,11.0,7.6,7.6,7.6,2583.0,"WELL-1 AT GOPALGANJ (SPECIFY LOCATION), BIHAR",bihar
83,0.0,34.8580914699751,0.0,612.0,612.0,612.0,6.0,6.0,6.0,0.0,0.0,0.0,25.0,25.0,25.0,9.0,9.0,9.0,7.6,7.6,7.6,2584.0,"WELL-2 AT GOPALGANJ (SPECIFY LOCATION), BIHAR",bihar
84,0.0,0.0,0.0,4647958.376758132,0.0,1351074.840975113,7.0,7.0,7.0,0.0,0.0,0.0,26.0,26.0,26.0,21.0,21.0,21.0,7.5,7.5,7.5,2587.0,KHAGARIA,bihar
85,13.673134252384635,0.0,121.44441989170491,2767121.4184629195,0.0,8158914.412573598,4.0,4.0,4.0,0.0,0.0,0.0,24.0,24.0,24.0,11.0,11.0,11.0,7.3,7.3,7.3,2589.0,MADHEPURA,bihar
86,0.0,74.27692201550576,0.0,4671377.372484431,1547124.2182948543,0.0,7.0,7.0,7.0,0.0,0.0,0.0,22.0,22.0,22.0,14.0,14.0,14.0,7.4,7.4,7.4,2594.0,SAHARSA,bihar
87,201.1652934596099,0.0,90.44972985266274,1693686.3504208631,0.0,4032837.8208304453,2.0,2.0,2.0,0.0,0.0,0.0,23.0,23.0,23.0,4.0,4.0,4.0,7.3,7.3,7.3,2595.0,SAMASTIPUR,bihar
88,0.0,153.35883310066276,0.0,411.0,411.0,411.0,7.0,7.0,7.0,0.0,0.0,0.0,28.0,28.0,28.0,17.0,17.0,17.0,8.0,8.0,8.0,2596.0,SITAMARHI,bihar
89,121.57368931026141,0.0,4.140633798360888,522.0,522.0,522.0,356166689.2401646,80782207.24263892,0.0,0.0,0.0,0.0,25.0,25.0,25.0,0.0,0.0,61229315.83594587,7.7,7.7,7.7,2597.0,"SIWAN (SPECIFY LOCATION), BIHAR",bihar
90,154.6904534037562,2.294238740096923,28.361652811541624,486.0,486.0,486.0,4.0,4.0,4.0,0.0,0.0,0.0,24.0,24.0,24.0,7.0,7.0,7.0,7.5,7.5,7.5,2600.0,VAISHALI,bihar
91,19.538105799389037,109.78310470433104,67.92760913119916,585.0,585.0,585.0,0.0,0.0,0.0,0.0,0.0,0.0,26.0,26.0,26.0,0.0,0.0,153587856.19219106,7.8,7.8,7.8,3138.0,ARRAH (SPECIFY LOCATION),bihar
92,0.0,0.5992294002703948,0.0,630.0,630.0,630.0,2.0,2.0,2.0,0.0,0.0,0.0,25.0,25.0,25.0,4.0,4.0,4.0,7.3,7.3,7.3,3140.0,BETTIAH (SPECIFY LOCATION),bihar
93,0.0,28.963353659360926,0.0,496.0,496.0,496.0,0.0,83691090.62788561,0.0,0.0,0.0,0.0,27.0,27.0,27.0,0.0,51677416.692483075,0.0,7.8,7.8,7.8,3146.0,DUMRAON (SPECIFY LOCATION),bihar
94,0.0,96.75828809624144,24.84854778356876,0.0,0.0,2988046.784612602,7.0,7.0,7.0,0.0,0.0,0.0,24.0,24.0,24.0,16.0,16.0,16.0,7.4,7.4,7.4,3148.0,JAMALPUR (SPECIFY LOCATION),bihar
95,0.0,0.0,178.24541340297304,432.0,432.0,432.0,9.0,9.0,9.0,0.0,0.0,0.0,24.0,24.0,24.0,14.0,14.0,14.0,7.8,7.8,7.8,3150.0,MANER (SPECIFY LOCATION),bihar
96,0.0,0.0,0.0,392.0,392.0,392.0,8.0,8.0,8.0,0.0,0.0,0.0,24.0,24.0,24.0,23.0,23.0,23.0,7.5,7.5,7.5,3152.0,NARKATIAGANJ (SPECIFY LOCATION),bihar
97,0.0,26.222086131290997,2.211065627723625,1810.0,1810.0,1810.0,2.0,2.0,2.0,0.0,0.0,0.0,23.0,23.0,23.0,6.0,6.0,6.0,7.2,7.2,7.2,3156.0,SAMASTIPUR (SPECIFY LOCATION),bihar
98,0.0,58.427784193874196,0.0,576.0,576.0,576.0,7.0,7.0,7.0,0.0,0.0,0.0,26.0,26.0,26.0,14.0,14.0,14.0,7.6,7.6,7.6,3159.0,SHAHPUR (SPECIFY LOCATION),bihar
99,142.35260763656208,34.847127102458785,0.0,806.0,806.0,806.0,18.0,18.0,18.0,0.0,0.0,0.0,27.0,27.0,27.0,17.0,17.0,17.0,7.2,7.2,7.2,3160.0,"RAXAUL (SPECIFY LOCATION), BIHAR",bihar
100,110.78802646006851,0.0,29.662024420928304,6184781.456320348,0.0,1191468.012544225,9.0,9.0,9.0,0.0,0.0,0.0,26.0,26.0,26.0,27.0,27.0,27.0,7.3,7.3,7.3,3161.0,KATIHAR (SPECIFY LOCATION),bihar
101,19.547806524662704,29.236394564693747,43.45302950498725,516.0,516.0,516.0,4.0,4.0,4.0,0.0,0.0,0.0,26.0,26.0,26.0,9.0,9.0,9.0,7.5,7.5,7.5,3162.0,VAISHALI (SPECIFY LOCATION),bihar
102,0.6,0.4,0.2,692.0,594.0,496.0,95486322.7120001,0.0,0.0,0.0,0.0,0.0,28.4,25.9,23.4,2.0,2.0,2.0,7.9,7.6,7.4,1620.0,"AT RAIPUR REGION, CHHATISSGARH",chattissgarh
103,0.8,0.6,0.4,584.0,551.0,518.0,41474834.02045805,72715844.52007036,9818890.76881669,0.0,0.0,0.0,29.0,26.4,23.7,8.0,6.0,4.0,7.7,7.5,7.3,1621.0,"AT RAIPUR REGION,CHHATISSGARH",chattissgarh
104,49.97601638699696,53.821544307585995,26.884794552368938,604.0,604.0,604.0,0.0,227221648.90318006,18183757.05594142,0.3,0.3,0.3,30.0,30.0,30.0,10.0,10.0,10.0,7.5,7.5,7.5,1622.0,"AT BILASPUR REGION, CHHATISSGARH",chattissgarh
105,0.0,31.93740874889525,0.0,1599.0,1599.0,1599.0,270123693.50116044,76414357.88993439,3067905.004415744,0.8,0.8,0.8,30.0,30.0,30.0,12.0,12.0,12.0,7.5,7.5,7.5,1623.0,"AT BILASPUR REGION, CHHATISSGARH",chattissgarh
106,2.6,1.6,1.0,66.0,66.0,66.0,0.0,0.0,76515214.16960254,1.1,0.9,0.7,27.1,26.2,25.3,60.0,44.0,30.0,7.2,7.2,7.1,3169.0,Drinking Water intake well of Municipal cop. Korba before treatment plant at kohadia village Korba.,chattissgarh
107,1.0,0.7,0.4,68.0,68.0,68.0,0.0,0.0,3016517.238230534,0.9,0.7,0.4,27.2,26.3,25.4,27.0,22.0,10.0,7.3,7.2,7.2,3170.0,Drinking Water intake well of Municipal cop. Korba after treatment plant at kohadia village Korba.,chattissgarh
108,1.8,1.5,1.2,9600259.940293059,3963795.2469769833,0.0,500150808.91922784,0.0,15145852.543771397,0.4,0.3,0.2,0.0,31.834448255768447,42.9194892605053,9.0,9.0,9.0,7.4,7.4,7.4,3171.0,"HAND PUMP WATER 17/10 NEPALI MOHLLA, SHANKAR NAGAR, HEAVY INDUSTRIAL AREA, BHILAI, CHHATISGARH.",chattissgarh
109,0.6,0.5,0.4,0.0,1150150.5896123666,3920535.5873013483,33513496.593573,0.0,0.0,0.8,0.7,0.6,26.8,26.6,26.4,2.0,2.0,2.0,6.9,6.9,6.8,3172.0,"BOREWELL/ HANDPUMP IN ROGBAHRI VILLAGE, KORBA",chattissgarh
110,4.0,2.2,0.4,358045.2312408407,0.0,1649112.855941424,0.0,59751322.719512954,56203887.19018686,0.6,0.5,0.4,26.9,26.8,26.6,0.0,513674758.7425985,12952998.484610507,7.2,7.1,7.1,3173.0,"BOREWELL/ HANDPUMP IN PARSABHATA, BALCO, KORBA",chattissgarh
111,2.0,1.3,0.6,0.0,0.0,0.0,0.0,14074455.33156134,0.0,1.1,0.7,0.4,26.9,26.6,26.3,70.0,36.0,2.0,7.2,7.2,7.2,3174.0,"BOREWELL/ HANDPUMP IN DHANRAS, NTPC,KORBA",chattissgarh
112,0.0,0.0,77.79467103677034,621.0,621.0,621.0,0.0,0.0,34341372.79945973,0.3,0.3,0.3,31.0,31.0,31.0,0.0,0.0,0.0,6.7,6.7,6.7,2453.0,"VILLAGE KHANVEL, DADRA",daman_diu_dadra_nagar_haveli
113,10.43580357084105,6.804996750072001,0.0,660.0,660.0,660.0,0.0,93269130.8958055,21903791.73013806,0.3,0.3,0.3,32.0,32.0,32.0,0.0,0.0,0.0,6.9,6.9,6.9,2454.0,"VILLAGE ATHAL, DADRA",daman_diu_dadra_nagar_haveli
114,0.0,153.67038237992662,38.06038164040916,1594.0,1594.0,1594.0,3998217.3114553117,195798588.4936595,0.0,1.7,1.7,1.7,31.0,31.0,31.0,6784251919.116995,473511022.63149875,143703862.7829856,7.0,7.0,7.0,2455.0,"VILLAGE MASAT, DADRA",daman_diu_dadra_nagar_haveli
115,74.75877571622469,0.0,38.81989357594852,1600.0,1600.0,1600.0,0.0,28484353.985219035,0.0,4.5,4.5,4.5,32.0,32.0,32.0,0.0,1146383353.9096496,178574329.60888255,6.9,6.9,6.9,2456.0,"VILLAGE PIPERIA, DADRA",daman_diu_dadra_nagar_haveli
116,0.0,0.0,0.0,1060.0,1060.0,1060.0,71343499.43959793,27072954.791877314,0.0,2.2,2.2,2.2,31.0,31.0,31.0,10.0,10.0,10.0,7.0,7.0,7.0,2457.0,"VILLAGE GALONDA, DADRA",daman_diu_dadra_nagar_haveli
117,11.0,11.0,11.0,3000.0,3000.0,3000.0,0.0,85107124.96878533,0.0,0.3,0.3,0.3,31.0,31.0,31.0,0.0,772198079.5187589,0.0,7.2,7.2,7.2,2458.0,"VILLAGE, DADRA",daman_diu_dadra_nagar_haveli
118,113.7335080061438,133.83057445768972,0.0,1475.0,1255.0,830.0,2.0,2.0,2.0,6.4,2.6,0.1,32.0,30.7,29.0,16.0,16.0,16.0,7.4,7.2,6.9,1440.0,"WELL AT SOMNATH INDUSTRIAL ESTATE, DAMAN",daman_diu_dadra_nagar_haveli
119,133.69886700812563,8.914736126290498,10.430327161703225,13000.0,6914.0,828.0,1.0,1.0,1.0,7.4,3.9,0.4,32.0,31.5,31.0,6.0,6.0,6.0,7.1,6.9,6.6,2448.0,"VILLAGE BHIMPORE, DAMAN",daman_diu_dadra_nagar_haveli
120,8.0,8.0,8.0,2358.0,2358.0,2358.0,5.0,5.0,5.0,6.8,6.8,6.8,31.0,31.0,31.0,26.0,26.0,26.0,6.9,6.9,6.9,2449.0,"VILLAGE RINGANWADA, DAMAN",daman_diu_dadra_nagar_haveli
121,61.277158274700206,0.0,51.45509962608867,680.0,680.0,680.0,0.0,0.0,34500696.131191604,2.1,2.1,2.1,31.0,31.0,31.0,20.0,20.0,20.0,6.8,6.8,6.8,2450.0,"VILLAGE DUNETHA, DAMAN",daman_diu_dadra_nagar_haveli
122,65.02276447974309,94.45577791056994,117.73433884246039,1438.0,1438.0,1438.0,5.0,5.0,5.0,2.6,2.6,2.6,32.0,32.0,32.0,18.0,18.0,18.0,6.6,6.6,6.6,2451.0,"VILLAGE DABHEL, DAMAN",daman_diu_dadra_nagar_haveli
123,7.0,7.0,7.0,1580.0,1580.0,1580.0,10.0,10.0,10.0,9.4,9.4,9.4,32.0,32.0,32.0,34.0,34.0,34.0,7.0,7.0,7.0,2452.0,"VILLAGE KACHIGAM, DAMAN",daman_diu_dadra_nagar_haveli
124,0.8,0.7,0.6,1486.0,868.0,250.0,5.0,5.0,5.0,1.3,0.7,0.0,32.0,31.9,31.8,11.0,11.0,11.0,7.0,7.0,6.9,2277.0,WELL AT VERNA INDI.ESTATE.(M/S CIPLA LIMITED),goa
125,0.7,0.7,0.6,1439.0,767.0,94.0,17.0,17.0,17.0,1.1,0.6,0.1,31.6,30.3,29.0,33.0,33.0,33.0,7.3,6.7,6.2,2278.0,WELL AT SANCOALE INDL.ESTATE,goa
126,1.5,1.5,1.5,1542.0,1542.0,1542.0,76688506.02585663,0.0,28430214.89242369,0.1,0.1,0.1,30.0,30.0,30.0,5685805629.74599,0.0,115101137.21772915,6.8,6.8,6.8,2279.0,"WELL AT ZUARI INDUSTRIES LTD, ZUARI NAGAR",goa
127,1.6,0.9,0.1,1479.0,844.0,208.0,446336200.95338553,0.0,0.0,3.5,2.3,1.1,31.0,30.4,29.7,0.0,305211846.85752565,0.0,6.6,6.3,6.1,2280.0,WELL AT KUDAI INDL. ESTATE(M/S CADILA HEALTHCARE LIMITED),goa
128,1.1,0.7,0.2,1420.0,733.0,45.0,49.0,36.0,23.0,0.3,0.2,0.1,30.0,29.3,28.5,170.0,125.0,79.0,6.1,5.8,5.4,2281.0,WELL AT CORLIM INDL. ESTATE,goa
129,0.3,0.3,0.2,1497.0,826.0,155.0,23.0,23.0,23.0,1.2,0.7,0.3,31.6,31.3,31.0,79.0,79.0,79.0,7.0,6.4,5.9,2282.0,WELL AT PILERNE INDUSTRIAL ESTATE(M/S UNICHEM ),goa
130,3.0,1.6,0.1,328.0,171.0,14.0,13.0,8.0,2.0,0.2,0.1,0.0,32.2,30.7,29.2,33.0,23.0,13.0,7.0,7.0,7.0,3193.0,BORE WELL AT CUNCOLIM INDUSTRIAL ESTATE,goa
131,1.6,1.2,0.7,1429.0,756.0,83.0,8.0,8.0,8.0,1.4,1.2,0.9,31.0,30.5,30.0,17.0,17.0,17.0,6.9,6.2,5.5,3194.0,BORE WELL AT BETHORA INDUSTRIAL ESTATE,goa
132,1.5,1.2,0.9,1404.0,829.0,253.0,240.0,240.0,240.0,1.5,0.8,0.1,31.6,31.6,31.5,540.0,540.0,540.0,7.9,7.3,6.7,3195.0,BORE WELL AT MADKAIM INDUSTRIAL ESTATE,goa
133,0.8,0.8,0.8,501.0,475.0,462.0,4.0,2.0,1.0,0.5,0.5,0.5,25.0,24.3,24.0,7.0,5.0,4.0,8.3,7.7,6.7,1555.0,"AT KALA AMB, H.P",himachal_pradesh
134,0.8,0.5,0.4,564.0,521.0,436.0,5.0,2.0,1.0,0.7,0.7,0.6,23.0,22.3,22.0,8.0,5.0,4.0,8.0,7.6,6.9,1556.0,"AT PAONTA SAHIB, H.P",himachal_pradesh
135,0.1,0.1,0.1,702.0,627.0,477.0,269242995.3570316,0.0,29412925.647673782,0.3,0.2,0.0,19.6,19.6,19.6,0.0,0.0,147891784.32213956,7.0,6.9,6.8,1557.0,"AT PARWANOO, H.P",himachal_pradesh
136,0.1,0.1,0.1,798.0,639.0,320.0,0.0,171768940.0579845,47987062.82960615,1.9,1.4,0.4,24.046155186180776,43.25569281275976,22.461747087899933,3566484141.444817,113245454.67995705,84739351.50137205,7.3,7.0,6.8,1558.0,"AT BADDI, H.P",himachal_pradesh
137,0.1,0.1,0.1,405.0,374.0,311.0,181494574.3710104,104259819.17695342,37032837.64929245,2.9,2.7,2.5,42.49553571086308,17.119266679486813,35.29115927416073,1723810258.6574516,0.0,0.0,7.0,6.9,6.9,1559.0,"AT BAROTIWALA, H.P",himachal_pradesh
138,0.1,0.1,0.1,881.0,746.0,476.0,339783672.57058144,38981160.64868497,0.0,2.4,1.5,1.0,28.273952851452282,30.17238601410057,23.33690477714385,0.0,0.0,0.0,7.4,7.2,6.9,1560.0,"AT NALAGARH, H.P",himachal_pradesh
139,0.5,0.5,0.5,772.0,761.0,739.0,0.0,12866893.187170578,0.0,4.3,3.5,2.0,20.0,20.0,20.0,0.0,290029488.3393783,0.0,8.2,8.0,7.6,1561.0,"AT DAMTAL, H.P",himachal_pradesh
140,0.8,0.5,0.4,698.0,681.0,673.0,74061902.41771454,68976189.55850877,59195625.861346416,3.1,2.5,2.2,22.0,15.3,12.0,4095492132.6595664,0.0,0.0,7.6,7.6,7.6,1562.0,"AT UNA, H.P",himachal_pradesh
141,35.0,6.9,0.8,632.0,489.0,268.0,40.0,17.0,8.0,10.1,2.5,0.0,20.0,13.0,7.0,168.0,77.0,28.0,7.9,7.0,5.9,1872.0,SHIMLA D/S OF MSW DUMPING SIOT,himachal_pradesh
142,0.3,0.2,0.2,410.0,381.0,324.0,0.0,0.0,12366849.340527946,4.6,3.5,3.0,16.0,16.0,16.0,0.0,0.0,61780390.025208525,7.7,7.3,6.5,1873.0,DHARAMSHALA KANGRA D/S OF MSW DUMPING SIOT,himachal_pradesh
143,2.4,1.2,0.1,572.0,389.0,215.0,40.0,15.0,6.0,10.6,1.9,0.0,22.0,17.7,14.5,84.0,28.0,8.0,7.9,7.5,6.9,1874.0,SOLAN-D/S OF MSW DUMPING SIOT-,himachal_pradesh
144,16.0,4.7,0.5,592.0,357.0,244.0,94.0,70.0,26.0,0.9,0.3,0.1,18.0,16.0,13.0,280.0,235.0,180.0,8.5,8.3,8.1,1875.0,MANDI-D/S OF MSW DUMPING SIOT,himachal_pradesh
145,0.2,0.1,0.1,808.0,644.0,317.0,23921906.17436726,39248202.13940686,0.0,4.2,3.6,2.3,22.493219156756794,29.68414586902742,10.632886451652293,0.0,0.0,0.0,7.0,6.8,6.8,1877.0,BADDI INDUSTRIAL AREA,himachal_pradesh
146,0.1,0.1,0.1,400.0,370.0,309.0,21944416.280443717,0.0,0.0,3.3,3.3,3.3,43.539559137589364,26.837692152916976,33.50511993594151,6693494402.00752,1047269955.1134745,201256681.13941965,7.4,7.4,7.3,1878.0,BAROTIWALA INDUSTRIAL AREA,himachal_pradesh
147,2.0,0.7,0.1,885.0,750.0,479.0,151878995.29728162,0.0,26408879.15264838,1.9,1.9,1.9,51.546381010429684,26.462052468298047,0.0,0.0,71722750.91200492,7796964.299294706,6.8,6.7,6.6,1879.0,NALAGARH INDUSTRIAL AREA,himachal_pradesh
148,8.0,3.1,0.7,606.0,585.0,574.0,3.0,2.0,1.0,0.6,0.6,0.6,25.0,24.3,24.0,5.0,5.0,5.0,8.2,7.9,7.2,1880.0,KALA AMB INDUSTRIAL AREA,himachal_pradesh
149,0.8,0.8,0.7,537.0,480.0,365.0,1.0,1.0,1.0,0.8,0.8,0.8,24.0,23.3,23.0,5.0,4.0,2.0,7.9,7.5,6.9,1881.0,PAONTA SAHIB INDUSTRIAL AREA,himachal_pradesh
150,0.4,0.3,0.1,899.0,852.0,828.0,0.0,0.0,0.0,5.1,4.1,3.6,22.0,16.0,13.0,0.0,63037491.59699372,75999975.8650359,7.7,7.7,7.6,1882.0,MEHATPUR INDUSTRIAL AREA,himachal_pradesh
151,0.1,0.1,0.1,735.0,724.0,719.0,0.0,0.0,82518896.49574766,2.2,1.9,1.3,23.0,16.3,13.0,0.0,0.0,0.0,8.0,7.9,7.6,1883.0,UNA INDUSTRIAL AREA,himachal_pradesh
152,0.1,0.1,0.1,740.0,447.0,132.0,14996754.062923253,115574093.2332003,49538440.81681458,1.2,0.5,0.0,19.0,16.6,13.5,2042944729.5767405,12692003.983261572,0.0,8.6,8.0,7.7,2628.0,HAND PUMP AT SHAMSHI,himachal_pradesh
153,0.1,0.1,0.1,549.0,502.0,484.0,0.0,0.0,0.0,0.2,0.1,0.0,20.0,19.0,18.0,3072426547.07677,1253590756.131887,0.0,8.9,8.2,7.7,2629.0,HAND PUMP AT MANDI TOWN,himachal_pradesh
154,1.0,0.7,0.1,1130.0,1042.0,867.0,25079295.121692326,7353650.753412939,25681879.366941985,5.1,3.5,0.5,21.0,15.7,13.0,0.0,344470993.8682111,0.0,7.9,7.6,7.4,2630.0,HAND PUMP AT HAMIRPUR TOWN,himachal_pradesh
155,0.8,0.7,0.4,794.0,767.0,754.0,0.0,0.0,0.0,3.5,2.4,0.2,20.0,16.0,14.0,11237589624.445946,0.0,0.0,7.7,7.5,7.2,2631.0,HAND PUMP AT NADAUN TOWN,himachal_pradesh
156,0.1,0.1,0.1,869.0,787.0,729.0,0.0,56152818.24384592,14090336.598988976,8.8,2.2,0.0,20.0,17.5,15.0,0.0,404490934.8092337,9574817.961557666,8.4,7.5,6.9,2632.0,HAND PUMP AT BILASPUR TOWN,himachal_pradesh
157,0.1,0.1,0.1,1010.0,443.0,121.0,145749727.32111686,139363835.05376545,74657578.67138846,0.3,0.1,0.0,35.049819447374574,74.67099320064986,0.0,4381232839.088074,0.0,0.0,8.2,7.8,6.7,2633.0,HAND PUMP AT RECONGPEO,himachal_pradesh
158,0.1,0.1,0.1,334.0,289.0,200.0,295405906.1998347,51879875.95310456,0.0,1.1,0.5,0.1,8.0,7.3,7.0,2103875201.559703,299955653.75440866,0.0,7.9,7.7,7.6,2634.0,HAND PUMP AT SHIMLA,himachal_pradesh
159,0.1,0.1,0.1,455.0,299.0,221.0,0.0,0.0,0.0,0.5,0.2,0.1,19.02405092705424,12.437993599252755,9.479151519773247,0.0,448447019.8476129,49030953.942459844,8.9,8.4,8.2,2635.0,HAND PUMP AT RAMPUR,himachal_pradesh
160,1.0,0.7,0.2,586.0,441.0,368.0,0.0,0.0,2380098.1989004067,1.1,0.5,0.2,19.0,18.3,17.0,7614572668.147452,0.0,164648377.63066408,7.5,7.5,7.4,2636.0,HAND PUMP AT KANGRA TEMPLE/ TOWN,himachal_pradesh
161,2.8,1.3,0.6,1590.0,1243.0,1070.0,0.0,42085504.97620956,518564.53799177136,5.8,2.1,0.2,20.0,18.3,15.0,7491241814.936225,0.0,0.0,7.5,7.4,7.4,2637.0,HAND PUMP AT JWALAJI TEMPLE,himachal_pradesh
162,0.3,0.3,0.2,689.0,656.0,640.0,186648936.28818917,0.0,0.0,2.9,2.3,1.2,22.0,20.7,20.0,10289972266.476969,59727701.22023334,0.0,8.0,7.9,7.5,2638.0,HAND PUMP AT CHINTPURNI TEMPLE/ TOWN,himachal_pradesh
163,0.3,0.2,0.2,437.0,323.0,96.0,0.0,95545751.07475056,0.0,2.0,1.8,1.3,20.0,18.3,15.0,1120982025.9155407,0.0,0.0,8.3,8.0,7.8,2639.0,HAND PUMP AT CHAMUNDA DEVI TEMPLE/ TOWN,himachal_pradesh
164,0.6,0.3,0.2,388.0,370.0,361.0,0.0,85045204.29003473,10413717.19218735,1.6,1.3,1.1,21.0,20.3,20.0,0.0,596639304.6504174,7742467.797046104,7.7,7.7,7.6,2640.0,HAND PUMP AT SANSARPUR TERRACE IA,himachal_pradesh
165,0.6,0.5,0.3,761.0,732.0,674.0,0.0,0.0,15353814.431745961,0.7,0.6,0.2,22.0,19.3,18.0,1775498228.6139789,49219558.88193918,64733585.552407295,7.9,7.7,7.2,2641.0,HAND PUMP AT CHAMBA TOWN,himachal_pradesh
166,1.6,1.3,0.6,237.0,186.0,161.0,370690138.64297473,0.0,0.0,1.9,0.8,0.2,23.0,20.3,19.0,0.0,21712334.297469497,79271107.75257553,8.0,7.8,7.4,2642.0,HAND PUMP AT DALHOUSIE TOWN,himachal_pradesh
167,0.2,0.1,0.1,392.0,308.0,266.0,270890902.2253023,10922161.01686878,2727886.063882,0.3,0.2,0.0,20.0,20.0,20.0,2.0,2.0,2.0,7.4,7.3,7.1,2643.0,HAND PUMP AT SOLAN,himachal_pradesh
168,0.1,0.1,0.1,1105.0,1105.0,1105.0,0.0,0.0,0.0,0.1,0.1,0.1,0.0,29.169665375993574,40.63381508164917,10055294715.532005,311139628.14909285,0.0,8.7,8.7,8.7,2644.0,HAND PUMP AT PARWANOO IA,himachal_pradesh
169,0.9,0.9,0.8,648.0,632.0,600.0,3.0,2.0,1.0,0.8,0.8,0.8,24.5,22.2,21.0,8.0,6.0,5.0,7.9,7.5,6.7,2645.0,HAND PUMP AT NAHAN,himachal_pradesh
170,0.8,0.7,0.7,1250.0,979.0,436.0,2.0,1.0,1.0,0.8,0.8,0.6,24.0,22.0,21.0,5.0,5.0,5.0,8.3,7.8,6.9,2646.0,HAND PUMP AT KALA AMB,himachal_pradesh
171,0.6,0.5,0.3,686.0,522.0,440.0,0.0,0.0,0.0,1.2,1.0,0.5,24.0,16.7,13.0,0.0,0.0,0.0,8.2,7.9,7.4,2647.0,HAND PUMP AT TAHLIWAL IA,himachal_pradesh
172,0.0,21.185899348323545,97.83011967365776,281.0,281.0,281.0,0.0,0.0,29843462.77175837,0.0,0.0,0.0,14.5,14.5,14.5,6309525791.391253,166150144.47068572,70468929.17434311,8.1,8.1,8.1,2648.0,HAND PUMP AT KEYLONG,himachal_pradesh
173,1.2,1.0,0.8,180.0,159.0,137.0,220.0,150.0,79.0,3.31,2.6,1.96,27.5,27.5,27.4,630.0,370.0,110.0,7.2,6.2,5.2,19.0,"WELL AT ELOOR, KERALA",kerala
174,0.6,0.4,0.2,125.0,114.0,103.0,350.0,184.0,17.0,1.3,0.9,0.42,26.0,25.0,24.0,430.0,226.0,22.0,7.7,6.7,5.7,22.0,"WELL AT CHUNGAPALLY, KERALA",kerala
175,0.6,0.6,0.6,220.0,195.0,170.0,280.0,162.0,43.0,0.84,0.8,0.81,24.0,24.0,24.0,430.0,270.0,110.0,7.2,6.0,4.8,35.0,"WELL AT PUNALUR, KERALA",kerala
176,1.6,1.3,1.0,412.0,354.0,296.0,110.0,95.0,79.0,2.3,1.2,0.0,26.5,25.8,25.0,350.0,285.0,220.0,6.8,6.4,6.0,1581.0,"PAPPANAMKODE, THIRUVANANTHAPURAM, KERALA",kerala
177,7.0,4.0,1.0,170.0,160.0,150.0,94.0,69.0,43.0,4.2,2.7,1.2,26.5,25.8,25.0,240.0,210.0,180.0,7.4,7.2,7.0,1582.0,"NEDUMANGAD, THIRUVANANTHAPURAM, KERALA",kerala
178,0.5,0.5,0.5,168.0,159.0,150.0,2.0,1.0,0.0,1.2,0.8,0.3,23.0,23.0,23.0,49.0,33.0,17.0,4.8,4.7,4.6,1583.0,"KUNDARA, KOLLAM DISTT. , KERALA",kerala
179,1.2,0.8,0.3,211.0,177.0,143.0,210.0,160.0,110.0,0.1,0.0,0.0,28.5,28.3,28.0,280.0,245.0,210.0,7.7,7.7,7.6,1584.0,"CHERTHALA, ALLEPPY, KERALA",kerala
180,4.9,3.1,1.2,580.0,405.0,230.0,140.0,76.0,11.0,9.7,5.2,0.7,29.0,28.6,28.2,700.0,455.0,210.0,7.7,7.7,7.7,1585.0,"VYTTILA, ERNAKULAM DISTT. , KERALA",kerala
181,1.2,1.0,0.8,526.0,328.0,130.0,11.0,7.0,2.0,9.9,5.7,1.5,28.5,27.8,27.0,21.0,14.0,7.0,6.8,5.7,4.5,1586.0,"EDAYAR ERNAKULAM DISTT., KERALA",kerala
182,1.0,0.9,0.8,250.0,248.0,245.0,220.0,116.0,11.0,8.5,8.1,7.8,28.0,28.0,28.0,700.0,361.0,21.0,7.2,6.9,6.6,1587.0,"KALAMASSERY ERNAKULAM DISTT. , KERALA",kerala
183,1.2,1.0,0.8,280.0,270.0,260.0,180.0,160.0,140.0,2.9,1.5,0.2,30.0,29.0,28.0,630.0,585.0,540.0,7.9,7.6,7.2,1588.0,"PUNKUNNAM TRISSUR DISTT. , KERALA",kerala
184,0.8,0.6,0.4,290.0,285.0,280.0,4.0,2.0,0.0,1.0,0.7,0.4,29.5,29.3,29.0,21.0,16.0,11.0,6.9,6.8,6.7,1589.0,"MALAPURAM , KERALA",kerala
185,0.9,0.6,0.2,106.0,101.0,95.0,350.0,181.0,11.0,1.9,1.6,1.3,27.0,26.0,25.0,790.0,404.0,17.0,7.0,6.7,6.3,1590.0,"MAVOOR, KOZHIKKODE DISTT. , KERALA",kerala
186,1.2,1.0,0.7,100.0,99.0,98.0,4.0,2.0,0.0,3.7,3.3,2.9,29.0,29.0,29.0,21.0,16.0,11.0,6.1,5.5,4.8,1591.0,"KANNUR (MUNICIPALITY) KANNUR DISTTM , KERALA",kerala
187,2.0,1.2,0.4,198.0,164.0,130.0,2.0,1.0,0.0,4.1,2.3,0.5,28.0,28.0,28.0,26.0,18.0,9.0,7.0,6.6,6.2,1592.0,"PAYYANNUR, KANNUR DISTT. , KERALA",kerala
188,0.5,0.4,0.3,405.0,281.0,156.0,1100.0,795.0,490.0,7.0,5.6,4.1,29.0,28.3,27.5,2600.0,1695.0,790.0,7.3,6.5,5.7,2308.0,FATHIMAPURAM (CHANGANASSERY),kerala
189,0.7,0.7,0.6,98.0,93.0,88.0,790.0,640.0,490.0,3.4,2.9,2.4,29.0,28.0,27.0,1400.0,1250.0,1100.0,6.5,5.7,4.9,2309.0,KAROOR (PALA),kerala
190,0.5,0.5,0.5,166.0,157.0,147.0,1100.0,655.0,210.0,3.2,2.7,2.3,28.0,27.5,27.0,2800.0,1615.0,430.0,6.5,6.2,5.9,2310.0,VAIKOM,kerala
191,0.4,0.4,0.4,179.0,137.0,95.0,630.0,340.0,49.0,11.9,6.8,1.6,28.0,27.3,26.5,1100.0,605.0,110.0,6.9,6.2,5.5,2311.0,VADAVATHOOR (KOTTAYAM),kerala
192,1.5,1.1,0.7,254.0,249.0,243.0,430.0,320.0,210.0,0.1,0.0,0.0,28.0,28.0,28.0,700.0,505.0,310.0,7.8,7.8,7.7,2313.0,"SARVODAPURAM, ALAPPUZHA",kerala
193,1.2,1.2,1.2,230.0,205.0,180.0,210.0,160.0,110.0,2.5,2.5,2.4,24.0,24.0,24.0,490.0,460.0,430.0,7.2,6.4,5.5,2314.0,KUREEPUZHA (KOLLAM),kerala
194,2.0,1.9,1.8,525.0,488.0,450.0,210.0,111.0,11.0,2.5,1.7,0.9,24.0,24.0,24.0,490.0,267.0,43.0,8.3,7.9,7.4,2315.0,K.M.M.L. (KOLLAM),kerala
195,1.2,1.0,0.8,81.0,63.0,45.0,21.0,15.0,9.0,1.2,1.2,1.1,28.0,27.5,27.0,220.0,165.0,110.0,5.8,5.2,4.5,2316.0,CHELLORA TRENCHING GROUND (KANNUR),kerala
196,1.0,1.0,0.9,404.0,313.0,222.0,4.0,2.0,0.0,7.0,5.5,4.0,28.0,27.5,27.0,21.0,15.0,9.0,6.0,6.0,6.0,2317.0,PUNNALPETTIPPALAM (TELLICHERRY MUNICIPALITY,kerala
197,0.7,0.5,0.3,240.0,237.0,234.0,22.0,11.0,0.0,3.4,2.1,0.8,29.5,29.0,28.5,110.0,55.0,0.0,6.8,6.6,6.3,2320.0,MANJERI,kerala
198,2.8,1.9,1.0,300.0,280.0,260.0,260.0,170.0,79.0,5.2,4.1,3.0,31.0,30.0,29.0,790.0,640.0,490.0,7.2,6.7,6.2,2321.0,LALOOR (THRISSUR),kerala
199,105.0,53.2,1.3,230.0,208.0,186.0,230.0,155.0,79.0,3.0,2.3,1.5,30.0,29.5,29.0,790.0,505.0,220.0,5.3,5.2,5.1,2322.0,OLLUR (THRISSUR),kerala
200,1.0,0.9,0.8,347.0,299.0,251.0,1400.0,740.0,79.0,7.9,5.5,3.1,28.1,27.6,27.0,1700.0,1065.0,430.0,6.8,5.8,4.7,2323.0,BRAHMAPURAM M.S.W. DUMPARK (ERNAKULAM),kerala
201,3.0,1.9,0.8,230.0,157.0,83.0,11.0,7.0,2.0,0.5,0.4,0.4,28.3,27.8,27.3,21.0,13.0,5.0,7.0,7.0,7.0,2324.0,HAZARDOUS WASTE DUMP (AMBALAMUGHAL),kerala
202,1.2,0.8,0.3,1074.0,885.0,696.0,350.0,245.0,140.0,2.6,1.8,1.1,31.0,30.0,29.0,540.0,390.0,240.0,7.1,7.0,6.9,2327.0,KARUKAMANI,kerala
203,0.9,0.6,0.2,105.0,105.0,104.0,350.0,180.0,9.0,3.6,2.7,1.8,29.0,27.5,26.0,790.0,406.0,21.0,7.1,6.2,5.2,3463.0,"WELL AT VELLIPARAMBA, KOZHEKODE",kerala
204,1.2,0.9,0.6,1025.0,831.0,637.0,7.0,4.0,0.0,2.0,1.8,1.5,30.0,29.0,28.0,13.0,7.0,0.0,7.8,7.6,7.4,3472.0,"WELL OF TEMPLE PARASSINIKADAVU, KANNUR",kerala
205,1.8,1.4,0.9,216.0,186.0,156.0,5.0,4.0,2.0,2.5,2.3,2.0,28.5,28.5,28.5,21.0,16.0,11.0,7.7,7.4,7.0,3474.0,"WELL AT PAYANOOR, KANNUR",kerala
206,1.0,1.0,1.0,110.0,110.0,109.0,0.0,0.0,0.0,2.3,2.0,1.7,27.0,27.0,27.0,9.0,5.0,0.0,6.5,6.2,5.8,3475.0,"WELL AT KARIMBAM, KANNUR",kerala
207,0.0,29.38607308588933,0.0,1248.0,951.0,816.0,4000.0,4000.0,4000.0,0.0,0.0,0.0,32.8,30.1,27.7,100000.0,22333.0,4000.0,7.9,7.3,6.7,1593.0,"WELL NEAR J.B SCHOOL, LAKSHDWEEP",lakshadweep
208,3.4494798408998593,30.75877518128042,16.670894784046766,2240.0,1727.0,1178.0,2000.0,1333.0,1000.0,0.0,0.0,0.0,32.6,29.9,27.5,25000.0,8909.0,1000.0,7.6,7.2,6.8,1594.0,"WELL NEAR OTTAVATHIL PALLI, LAKSHDWEEP",lakshadweep
209,35.37118449879823,0.0,0.0,1004.0,777.0,590.0,114000.0,25857.0,2000.0,0.0,0.0,0.0,32.5,29.7,27.4,128000.0,37250.0,10000.0,7.6,7.2,6.5,1595.0,"WELL NEAR CHEKKILLAM HOUSE, LAKSHDWEEP",lakshadweep
210,0.0,268.77189274248497,0.0,1264.0,702.0,458.0,3000.0,1557.0,227.0,0.0,0.0,0.0,32.5,29.7,27.0,74000.0,24250.0,9000.0,658.0,61.5,6.9,1596.0,"WELL C/O KADAT PALLI, LAKSHDWEEP",lakshadweep
211,168.75088515522734,0.0,46.59410587508861,694.0,660.0,585.0,14000.0,4116.0,465.0,0.0,0.0,0.0,31.6,29.7,27.8,294000.0,55192.0,300.0,8.1,7.4,6.7,,"WELL NEAR BADER PALLI, LAKSHDWEEP",lakshadweep
212,0.0,110.51182516548641,0.0,971.0,768.0,629.0,18000.0,5952.0,1000.0,0.0,0.0,0.0,31.6,30.0,27.0,392500.0,67533.0,900.0,7.6,7.3,6.5,1598.0,"WELL C/O PUTHIYA PALLI., LAKSHDWEEP",lakshadweep
213,18.432847760365256,26.280111446250412,0.0,963.0,810.0,603.0,1000.0,1000.0,1000.0,0.0,0.0,0.0,31.6,29.7,27.4,162000.0,32000.0,2000.0,7.6,7.1,6.6,1599.0,"WELL C/O PURATHA PALLI, LAKSHDWEEP",lakshadweep
214,142.00004612890393,0.0,0.0,1041.0,937.0,823.0,1578.0,1289.0,1000.0,0.0,0.0,0.0,31.5,30.1,27.8,117000.0,26864.0,1000.0,7.4,7.0,6.5,1600.0,WELL C/O ANDAM PALLILAKSHDWEEP,lakshadweep
215,0.0,0.0,39.47844131175474,3660.0,2012.0,695.0,11000.0,9000.0,7000.0,0.0,0.0,0.0,30.7,29.8,28.3,420000.0,145773.0,4000.0,7.5,7.2,6.6,1601.0,WELL C/O CIRCUIT HOUSELAKSHDWEEP,lakshadweep
216,0.0,0.0,0.0,1970.0,1645.0,1313.0,12000.0,4000.0,1000.0,0.0,0.0,0.0,30.7,29.3,27.8,68000.0,25250.0,4000.0,7.6,7.3,6.8,1602.0,"WELL C/O GOVT. PRESS, LAKSHDWEEP",lakshadweep
217,0.0,0.0,0.0,4830.0,2842.0,1513.0,26000.0,8500.0,1000.0,0.0,0.0,0.0,30.9,29.5,28.5,183000.0,60333.0,4000.0,7.4,7.2,6.9,1603.0,"WELL C/O OLD POLICE BARRACKS, LAKSHDWEEP",lakshadweep
218,0.0,43.08969228705732,0.0,1800.0,1254.0,1019.0,10000.0,6500.0,3000.0,0.0,0.0,0.0,30.8,29.6,28.6,1120000.0,241873.0,4000.0,7.6,7.3,7.0,1605.0,"WELL NEAR HALIPAD, LAKSHDWEEP",lakshadweep
219,159.0667199353507,40.25472836580524,7.620237805531086,1165.0,902.0,638.0,5000.0,3000.0,1000.0,0.0,0.0,0.0,31.5,29.9,28.0,240000.0,77692.0,11300.0,8.0,7.3,6.6,1606.0,"PUBLIC WELL OPPOSITE S.B.SCHOOL, LAKSHDWEEP",lakshadweep
220,127.4,127.4,127.4,1005.0,1005.0,1005.0,0.0,188871470.33034635,12110801.53312863,1.0,1.0,1.0,35.0,35.0,35.0,5738027352.087064,0.0,0.0,7.1,7.1,7.1,1618.0,"GROUND WATER SAMPLING AT TWO POINTS IN INDUSTRIAL AREA MALANPUR, M.P",madhya_pradesh
221,0.0,64.29469156903981,92.78195972396168,1880.0,1880.0,1880.0,176424103.80816382,0.0,0.0,1.8,1.8,1.8,0.0,34.73169536472618,63.66451478471777,1725140124.5620067,261959716.32775047,17107435.30291587,7.5,7.5,7.5,2145.0,"MEHATWAS, NAGDA",madhya_pradesh
222,11.094916952057947,57.37187239312202,0.0,920.0,920.0,920.0,0.0,129875536.28793359,7240193.784877186,5.1,5.1,5.1,28.0,28.0,28.0,110.0,110.0,110.0,7.5,7.5,7.5,2146.0,"BHAGATPURI VILLAGE, NAGDA",madhya_pradesh
223,0.0,61.63594239740157,19.293747895632933,3540.0,3540.0,3540.0,0.0,0.0,0.0,3.1,3.1,3.1,0.0,52.52853079818118,25.992116317904134,2114382073.5124311,0.0,47282514.80565578,8.2,8.2,8.2,2148.0,"DOSIGAON, RATLAM",madhya_pradesh
224,0.0,0.0,57.72822786837645,1000.0,1000.0,1000.0,0.0,122923985.00481188,4644761.4406079305,6.0,6.0,6.0,28.0,28.0,28.0,40.0,40.0,40.0,7.1,7.1,7.1,2149.0,"CULVERT ON A.B. ROAD, MAKSI",madhya_pradesh
225,2.3,2.3,2.3,1192.0,1192.0,1192.0,0.0,141680313.48080733,8873429.389921635,2.3,2.3,2.3,29.0,29.0,29.0,25.0,25.0,25.0,7.5,7.5,7.5,2150.0,Trenching Ground Nr Garden Dev Guradia,madhya_pradesh
226,1.8,1.8,1.8,3347.0,3347.0,3347.0,0.0,119022365.36449538,555788.1346561221,30.5,30.5,30.5,29.0,29.0,29.0,26.0,26.0,26.0,7.3,7.3,7.3,2151.0,Trenching Ground Premises of Rishabh Masala,madhya_pradesh
227,2.0,2.0,2.0,2878.0,2878.0,2878.0,0.0,16693316.3625037,0.0,29.5,29.5,29.5,29.2,29.2,29.2,38.0,38.0,38.0,7.5,7.5,7.5,2152.0,Trenching Ground Premises of  Lakhani Foot Wear,madhya_pradesh
228,193.20103807208812,0.8261796139371365,63.948696040427706,1330.0,1330.0,1330.0,0.0,29959412.11181256,0.0,5.2,5.2,5.2,35.786684877938626,36.36277902383382,33.52031666671647,0.0,310953377.5108973,0.0,7.6,7.6,7.6,3332.0,"TUBE WELL/ HAND PUMP AT INDUSTRIAL AREA, DEWAS",madhya_pradesh
229,2.0,2.0,2.0,1100.0,1100.0,1100.0,0.0,120773491.47312659,0.0,1.2,1.2,1.2,29.0,29.0,29.0,3698544999.423295,0.0,67480504.81721224,7.4,7.4,7.4,3338.0,"HAND PUMP NEAR PANCHAYAT BHAWAN, VILLAGE TINAWALI RAIRU",madhya_pradesh
230,1.0,1.0,1.0,1475.0,1475.0,1475.0,140308336.65924186,26733037.531156655,3501760.7081493856,2.6,2.6,2.6,29.5,29.5,29.5,8.0,8.0,8.0,8.5,8.5,8.5,3339.0,T.W./H.P near Manglia.Ind. Area,madhya_pradesh
231,1.1,1.1,1.1,1660.0,1660.0,1660.0,0.0,0.0,0.0,7.3,7.3,7.3,28.0,28.0,28.0,94.0,94.0,94.0,7.5,7.5,7.5,3340.0,B.W.Water at.Kalindi  Vihar Trenching ground,madhya_pradesh
232,2.2,2.2,2.2,2271.0,2271.0,2271.0,2819086.19199877,39157067.932626985,0.0,2.7,2.7,2.7,29.0,29.0,29.0,210.0,210.0,210.0,7.0,7.0,7.0,3341.0,T.W.W. sec-III Pithampur            Tube Wewll Water,madhya_pradesh
233,0.8,0.8,0.8,496.0,496.0,496.0,176190917.3058355,59347974.79076121,0.0,1.6,1.6,1.6,30.0,30.0,30.0,110.0,110.0,110.0,8.2,8.2,8.2,3342.0,T.W.W.at Village Tarpura sec-III Pithampur Tube Well Water,madhya_pradesh
234,5.0,5.0,5.0,1385.0,1385.0,1385.0,20.0,20.0,20.0,1.7,1.7,1.7,22.0,22.0,22.0,40.0,40.0,40.0,7.9,7.9,7.9,1985.0,"Dug well at 5 -Star Industrial estate, Village-Kashimira Taluka- Mira-  Bhayander District-Thane ",maharashtra
235,5.6,5.6,5.6,699.0,699.0,699.0,15.0,15.0,15.0,0.6,0.6,0.6,29.0,29.0,29.0,25.0,25.0,25.0,8.5,8.5,8.5,1986.0,Bore well at Village- Motapada Taluka- Dahanu District- Thane,maharashtra
236,5.0,5.0,5.0,608.0,608.0,608.0,30.0,30.0,30.0,1.0,1.0,1.0,22.0,22.0,22.0,45.0,45.0,45.0,7.8,7.8,7.8,1987.0,Bore well Village-Gokhiware Taluka- Vasai District- Thane ,maharashtra
237,5.2,5.2,5.2,871.0,871.0,871.0,14.0,14.0,14.0,0.6,0.6,0.6,29.0,29.0,29.0,26.0,26.0,26.0,8.5,8.5,8.5,1988.0,"Bore well at Gharatwadi, Village- Aliyali Taluka- Palghar District- Thane",maharashtra
238,4.0,4.0,4.0,90.0,90.0,90.0,12.0,12.0,12.0,1.4,1.4,1.4,28.0,28.0,28.0,24.0,24.0,24.0,7.0,7.0,7.0,1989.0,"Bore well at MWML site, Village-Karawla, Taloja Taluka- Panvel District- Raigad",maharashtra
239,3.0,3.0,3.0,1016.0,1016.0,1016.0,2.0,2.0,2.0,0.2,0.2,0.2,28.0,28.0,28.0,79.0,79.0,79.0,7.4,7.4,7.4,1993.0, Dug Well,maharashtra
240,5.0,5.0,5.0,943.0,943.0,943.0,78695352.18243332,2614854.375615785,80577986.8850575,100.7,100.7,100.7,26.0,26.0,26.0,3879819438.024628,260594229.49435893,0.0,8.0,8.0,8.0,1994.0,"Dug well at TPS-Durgapur Village-Durgapur , Taluka- Chandrapur, District- Chandrapur                   ",maharashtra
241,6.0,6.0,6.0,555.0,555.0,555.0,60.0,60.0,60.0,1.1,1.1,1.1,28.0,28.0,28.0,90.0,90.0,90.0,8.3,8.3,8.3,1999.0,"Bore well Near Gram Panchayat office. Village-Changera, Taluka- Gondia, District- Gondia.",maharashtra
242,6.0,6.0,6.0,567.0,567.0,567.0,30.0,30.0,30.0,43.0,43.0,43.0,25.0,25.0,25.0,60.0,60.0,60.0,8.6,8.6,8.6,2001.0,"Tube well at water treatment plant of.Achalpur M.C, near Post Office. Village-Paratwada, Taluka- Achalpur, District- Amravati",maharashtra
243,5.8,5.8,5.8,435.0,435.0,435.0,366143352.6418101,18690361.533111613,2081791.4387986378,1.6,1.6,1.6,27.0,27.0,27.0,0.0,0.0,0.0,8.7,8.7,8.7,2002.0,"Bore well Opp. Gajanan MPCBaraj Temple at  Anjangaon road. Village-Anjangaon, Taluka- Akot, District- Akola                   ",maharashtra
244,5.8,5.8,5.8,435.0,435.0,435.0,328836368.914963,104686456.50405432,2399282.1715308013,1.6,1.6,1.6,27.0,27.0,27.0,5991278052.544773,0.0,52259613.073560715,8.7,8.7,8.7,2003.0,"Dug well at Plot No- 4, Street No. 49-C, at Nehru Bal Udyan Azad Maidan, owned by Yavatmal M.C. Village- Nehru Bal Udyan Azad Maidan, Taluka- Yavatmal, District- Yavatmal.",maharashtra
245,2.8,2.8,2.8,1956.0,1956.0,1956.0,0.0,0.0,0.0,1.4,1.4,1.4,25.0,25.0,25.0,3025660604.043294,503314262.1563321,37608738.36184979,7.3,7.3,7.3,2007.0,"Bore well water sample at savali, Tal. Miraj, Dist Sangli.",maharashtra
246,2.9,2.9,2.9,2425.0,2425.0,2425.0,46361220.861690626,214541330.59336746,16323548.23284126,0.5,0.5,0.5,25.0,25.0,25.0,0.0,8291744.45754671,0.0,7.4,7.4,7.4,2008.0,"Dugwell Water sample at Rasulwadi Tal. Miraj, Dist. Sangli.",maharashtra
247,4.0,4.0,4.0,928.0,928.0,928.0,2.0,2.0,2.0,0.1,0.1,0.1,29.0,29.0,29.0,94.0,94.0,94.0,7.8,7.8,7.8,2200.0, Bore Well,maharashtra
248,4.0,4.0,4.0,1200.0,1200.0,1200.0,2.0,2.0,2.0,0.4,0.4,0.4,28.0,28.0,28.0,70.0,70.0,70.0,7.2,7.2,7.2,2201.0,Dug Well,maharashtra
249,3.3,3.3,3.3,168.0,168.0,168.0,0.0,0.0,10114067.615781425,1.4,1.4,1.4,23.0,23.0,23.0,3641085815.563796,591701152.7156681,0.0,7.3,7.3,7.3,2202.0,"Dugwell at Ghane Kunth near Awashi, Owned by Shri. Rajendra Ambre vill Ghanekunth Tal. Khed, Dist. Ratnagiri",maharashtra
250,7.6,7.6,7.6,1124.0,1124.0,1124.0,23.0,23.0,23.0,77.0,77.0,77.0,28.0,28.0,28.0,40.0,40.0,40.0,8.0,8.0,8.0,2203.0,"Hand Pump in the premises of Zilla Parishad Primary School. Village- Bhugaon,  Taluka- Wardha, District- Wardha.",maharashtra
251,3.2,3.2,3.2,5495.0,5495.0,5495.0,8.0,8.0,8.0,1.3,1.3,1.3,28.0,28.0,28.0,550.0,550.0,550.0,8.2,8.2,8.2,2819.0,"Dug well owned by Shri Deshmukh. Village- Malegaon, Taluka- Baramati, District- Pune.",maharashtra
252,4.3,3.8,3.2,1368.0,1337.0,1306.0,60.0,43.0,25.0,2.4,2.0,1.6,25.0,25.0,25.0,550.0,488.0,425.0,8.1,7.9,7.7,2820.0,"Dug well owned by Shri Shivaji Baban Darekar Village- Sanaswadi, Taluka- Shirur, District- Pune.",maharashtra
253,3.1,3.1,3.1,433.0,433.0,433.0,25.0,25.0,25.0,3.0,3.0,3.0,28.0,28.0,28.0,425.0,425.0,425.0,7.0,7.0,7.0,2821.0,"Bore well at Bale railway station premises owned by  Shri. Digambar Joshi. Village- Dahegaon,Taluka- North Solapur, District- Solapur.",maharashtra
254,4.3,4.3,4.3,415.0,415.0,415.0,30.0,30.0,30.0,2.0,2.0,2.0,28.0,28.0,28.0,550.0,550.0,550.0,7.0,7.0,7.0,2822.0,"Bore well near  Chincholi. Village- Chincholi, Taluka- Mohol, District- Solapur.",maharashtra
255,3.2,3.2,3.2,440.0,440.0,440.0,20.0,20.0,20.0,2.3,2.3,2.3,28.0,28.0,28.0,425.0,425.0,425.0,6.9,6.9,6.9,2823.0,"Bore well at Shete Vasti, near old Tuljapur road. Village- Tuljapur naka, Taluka- Solapur,District- Solapur.",maharashtra
256,5.0,5.0,5.0,1090.0,1090.0,1090.0,2.0,2.0,2.0,0.2,0.2,0.2,28.0,28.0,28.0,79.0,79.0,79.0,7.4,7.4,7.4,2825.0, Bore Well,maharashtra
257,6.0,6.0,6.0,1173.0,1173.0,1173.0,70.0,70.0,70.0,76.0,76.0,76.0,27.0,27.0,27.0,170.0,170.0,170.0,8.0,8.0,8.0,2826.0,"Dug well near Railway station, Cotton Market. Village- Wardha city, Taluka- Wardha,District- Wardha.",maharashtra
258,7.4,7.4,7.4,553.0,553.0,553.0,80.0,80.0,80.0,2.6,2.6,2.6,27.0,27.0,27.0,110.0,110.0,110.0,8.0,8.0,8.0,2827.0,"Bore well Near Railway crossing at Dongri Buzurg. Village- Dongri-Buzurg, Taluka- Tumsar,District- Bandara.",maharashtra
259,6.2,6.2,6.2,915.0,915.0,915.0,0.0,28741969.471481565,17337958.42907402,24.0,24.0,24.0,27.0,27.0,27.0,6450461208.321221,0.0,31430877.46710093,8.0,8.0,8.0,2828.0,"Dug well  near Jilla Parishet Primary school, Visapur. Village- Visapur, Taluka- Ballarpur,District- Chandrapur.",maharashtra
260,2.7,2.7,2.7,2387.0,2387.0,2387.0,184505214.66955936,98123343.88610227,17041297.32812008,0.7,0.7,0.7,25.0,25.0,25.0,0.0,549611530.5209546,0.0,7.1,7.1,7.1,2831.0,"Dugwell water sample at Sakharoli Tal .Walwa, Dist Sangli.",maharashtra
261,2.9,2.9,2.9,130.0,130.0,130.0,0.0,0.0,0.0,0.6,0.6,0.6,23.0,23.0,23.0,0.0,283026047.30503476,0.0,7.2,7.2,7.2,2832.0,"Dugwell no 1 at Brahamanwadi (C/O Shri Vaidya) Vill Anjanwell, Tal. Guhagar, Dist Ratangiri.",maharashtra
262,3.5,3.5,3.5,177.0,177.0,177.0,0.0,21596743.315580986,78659182.9711911,1.3,1.3,1.3,23.0,23.0,23.0,8434557502.717254,904707442.8186218,124785865.08560082,7.1,7.1,7.1,2833.0,"Dugwell no. 1 at Grampanchayat at Arkatewadi near Masjid, Khed, Ratangiri.",maharashtra
263,3.4,3.4,3.4,133.0,133.0,133.0,0.0,39544215.78507538,0.0,0.7,0.7,0.7,23.0,23.0,23.0,4431641644.819694,0.0,91522780.5321822,7.3,7.3,7.3,2834.0,"Dugwell no 2 at Arkatewadi, Khed, Ratnagiri",maharashtra
264,2.8,2.8,2.8,175.0,175.0,175.0,160292841.52523196,0.0,12437213.96646311,0.5,0.5,0.5,23.0,23.0,23.0,0.0,0.0,0.0,7.1,7.1,7.1,2835.0,"Durgwell no. 2 owned by Group Gram Panchayat at Brahmanwadi Vill Anjanwell, Tal. Guhagar, Dist. Ratnagiri.",maharashtra
265,0.4,0.4,0.4,842.0,679.0,515.0,4.0,4.0,4.0,5.8,3.5,1.2,28.0,28.0,28.0,23.0,23.0,23.0,7.2,7.2,7.1,1644.0,"JAGATPUR INDUSTRIAL AREA, CUTTACK ODISHA",odisha
266,1.0,0.6,0.1,498.0,360.0,222.0,28.0,28.0,28.0,6.9,3.6,0.3,28.0,27.5,27.0,240.0,240.0,240.0,7.4,7.2,7.0,1645.0,"MADHUPATNA- KALYAN NAGAR AREA, CUTTACK, ODISHA",odisha
267,0.2,0.2,0.1,173.0,168.0,163.0,246384054.92890415,54003676.16864732,0.0,0.7,0.5,0.2,27.0,26.5,26.0,2.0,2.0,2.0,7.6,7.4,7.2,1646.0,"BIDANASHI - TULASIPUR AREA, CUTTACK, ODISHA",odisha
268,1.4,0.9,0.3,804.0,733.0,661.0,8185491.671129929,0.0,0.0,0.8,0.6,0.4,28.0,28.0,28.0,2.0,2.0,2.0,7.4,7.2,6.9,1647.0,"BADAMBARI AREA, CUTTACK, ODISHA",odisha
269,23.3,6.7,0.2,851.0,336.0,132.0,160000.0,143000.0,92000.0,10.6,4.7,0.6,37.0,29.0,25.0,600000.0,215000.0,160000.0,8.3,7.7,7.3,1648.0,"RANIHAT- MANGALABAGH AREA, CUTTACK, ODISHA",odisha
270,0.5,0.3,0.1,290.0,217.0,143.0,0.0,0.0,851774.3066388252,9.7,5.5,1.3,33.0,29.5,26.0,0.0,646010602.2492516,13038903.796555057,6.1,6.1,6.1,1649.0,"KHANDAGIRI AREA, BHUBANESWAR, ODISHA",odisha
271,0.5,0.4,0.3,274.0,260.0,245.0,0.0,43521648.84829066,61997893.05417755,1.6,1.0,0.4,30.0,28.0,26.0,0.0,0.0,147882983.54041174,7.5,7.0,6.4,1650.0,"CAPITAL HOSPITAL AREA, BHUBANESWAR, ODISHA",odisha
272,0.4,0.4,0.3,774.0,713.0,652.0,195760020.05695015,0.0,50769374.71239121,8.2,4.8,1.3,30.0,29.5,29.0,0.0,582173063.9936343,0.0,7.4,6.9,6.4,1651.0,"OLD TOWN- SAMANTARAAIPUR AREA, BHUBANESWAR, ODISHA",odisha
273,0.7,0.5,0.3,427.0,341.0,255.0,23.0,23.0,23.0,6.0,3.9,1.8,30.0,29.5,29.0,49.0,49.0,49.0,7.0,7.0,6.9,1652.0,"KALPNA - LAXMINAGAR AREA, BHUBANESWAR, ODISHA",odisha
274,0.2,0.2,0.1,235.0,171.0,107.0,8.0,8.0,8.0,2.2,1.4,0.7,30.0,29.5,29.0,23.0,23.0,23.0,7.7,7.0,6.3,1653.0,"MANCHESWAR INDUSTRIAL AREA, BHUBANESWAR, ODISHA",odisha
275,2.1,1.3,0.4,182.0,166.0,149.0,33.0,33.0,33.0,0.8,0.7,0.6,30.0,29.5,29.0,79.0,79.0,79.0,7.4,6.9,6.4,1654.0,"SECRETARIAT- GOVERNOR HOUSE- OLDBUS STAND AREA, BHUBANESWAR, ODISHA",odisha
276,0.4,0.3,0.1,1340.0,1258.0,1176.0,331880783.38762605,121745315.5745271,42314560.78620796,10.4,6.3,2.2,28.0,28.0,28.0,3245582245.0480523,366424955.54402566,47478132.59231099,8.4,8.2,8.0,1655.0,"NEAR SEA BEACH, PURI, ODISHA",odisha
277,0.3,0.3,0.2,1017.0,1003.0,988.0,130.0,130.0,130.0,11.0,6.9,2.9,27.0,26.5,26.0,540.0,540.0,540.0,7.9,7.9,7.9,1656.0,"NEAR JAGANNATH TEMPLE, PURI, ODISHA",odisha
278,0.6,0.5,0.3,855.0,808.0,761.0,13.0,13.0,13.0,9.3,6.0,2.8,27.0,26.5,26.0,220.0,220.0,220.0,8.3,8.0,7.7,1657.0,"HOSPITAL - BUSSTAND- MAUSHIMA TEMPLE AREA, PURI, ODISHA",odisha
279,0.5,0.4,0.2,403.0,362.0,320.0,0.0,0.0,0.0,3.0,1.6,0.3,28.0,27.5,27.0,7200503212.788886,338801416.36379635,0.0,8.3,8.3,8.2,1658.0,"NEAR RIVER KUSHABHADRA, PURI, ODISHA",odisha
280,193.37198192150254,0.0,0.0,4800.0,3320.0,361.0,36976190.19119494,0.0,38883859.1807314,0.8,0.4,0.0,31.0,30.3,30.0,0.0,1095500603.455866,12962869.81416067,7.6,7.4,7.0,1397.0,"WELL AT MUTHIALPET AREA(I), PONDICHERRY",pondicherry
281,0.0,61.36510838760021,5.520336959788621,1900.0,1460.0,1240.0,220100934.32662493,0.0,25744832.5945569,0.3,0.1,0.0,32.0,30.7,30.0,0.0,0.0,109042810.60098884,7.4,7.4,7.3,1398.0,"WELL AT THENGAITHITTU AREA, (II) PONDICHERRY",pondicherry
282,0.0,0.0,53.1177276150284,658.0,597.0,476.0,0.0,70083459.36163189,0.0,4.8,4.7,4.7,32.0,30.7,30.0,1935656825.5817444,0.0,0.0,7.4,7.3,7.0,1453.0,"WELL AT MUTHARAPLATYAM (PWD), PONDICHERRY",pondicherry
283,0.0,14.526336342881015,0.0,212.0,207.0,196.0,102298260.62084575,0.0,0.0,1.2,1.2,1.2,30.0,30.0,30.0,0.0,663754494.4223918,0.0,7.1,7.1,7.1,1454.0,"WELL AT KALAPET, PONDI. UNIVER. ADMN. BLOCK, PONDICHERRY",pondicherry
284,0.0,0.0,0.0,2200.0,1795.0,1592.0,16635209.453879563,0.0,36475256.274205394,2.6,0.9,0.0,30.0,30.0,30.0,2550028020.9662848,0.0,0.0,7.3,7.2,7.1,1687.0,"NEHRU STATUE, PONDICHERRY",pondicherry
285,6.747556044417156,19.982722846290613,0.0,574.0,549.0,500.0,507908350.53240216,0.0,40360173.20330875,0.5,0.5,0.4,30.0,30.0,30.0,0.0,0.0,0.0,7.6,7.5,7.2,1688.0,"KATTERIKUPPAM, PODICHERRY",pondicherry
286,14.0,6.3,1.0,1474.0,1193.0,696.0,251351467.16232288,0.0,20780201.22081115,0.1,0.0,0.0,32.0,29.3,28.0,8844140087.078371,564187823.1663873,0.0,8.5,8.1,7.8,1689.0,"CHUNMBAR RIVER, PONDICHERRY",pondicherry
287,161.2389159028667,12.248070916292505,115.08719347329732,560.0,550.0,530.0,0.0,0.0,10301329.087804582,6.3,5.5,5.0,32.0,30.7,30.0,6582832541.831192,0.0,0.0,7.6,7.5,7.2,2009.0,KURUMBAPET,pondicherry
288,0.0,17.71543258093144,0.0,1272.0,1248.0,1200.0,111180072.40014037,0.0,0.0,0.6,0.6,0.5,32.0,32.0,32.0,0.0,39962836.38862653,0.0,7.7,7.6,7.3,2010.0,METTUPALAYAM,pondicherry
289,57.3561742884774,31.915609459738498,0.0,3210.0,3207.0,3200.0,0.0,0.0,0.0,0.1,0.0,0.0,32.0,32.0,32.0,0.0,0.0,48356340.71179116,7.5,7.5,7.4,2011.0,URUVAIYAR,pondicherry
290,60.32472386362167,41.16631448642643,46.861563881824374,1600.0,1597.0,1592.0,171767108.91189718,0.0,0.0,1.9,0.6,0.0,32.0,31.3,30.0,0.0,377810994.11032647,5402799.885425558,7.5,7.5,7.4,2012.0,KARUVADIKUPPAM,pondicherry
291,1.0,1.0,1.0,1728.0,1719.0,1700.0,0.0,35506093.701242216,76185180.42816275,1.2,1.0,0.8,28.5,27.5,27.0,9270343405.524097,0.0,0.0,7.5,7.5,7.4,2013.0,"T.R.PATTINAM, KARAIKAL",pondicherry
292,0.0,64.89267444008716,85.4190922630252,1548.0,1514.0,1446.0,0.0,207733006.176936,10788069.273705628,1.2,0.8,0.1,28.5,28.2,28.0,0.0,248486501.81310216,120134182.43245047,7.5,7.4,7.1,2014.0,"VADAMATTAM, KARAIKAL",pondicherry
293,0.0,15.180379945346601,0.0,255.0,255.0,255.0,97249482.00582694,0.0,0.0,5.8,5.8,5.8,32.0,32.0,32.0,0.0,212512328.8435996,0.0,6.7,6.7,6.7,2446.0,PALLUR,pondicherry
294,5.480565355786914,0.0,0.0,126.0,126.0,126.0,334547752.12411433,175403706.0634703,0.0,1.6,1.6,1.6,32.0,32.0,32.0,0.0,80167360.48278959,65683388.91891156,6.8,6.8,6.8,2447.0,PANTHAKKAL,pondicherry
295,0.0,4.623260661437669,0.0,1260.0,1260.0,1260.0,411547922.5137311,0.0,0.0,7.2,4.5,1.8,9.199633769677394,0.0,0.0,6715038111.05254,0.0,37234637.22044559,7.0,6.9,6.7,1898.0,"PETROL PUMP OPP. HERO CYCLE, LUDHIANA",punjab
296,0.0,64.83181351107952,0.0,593.0,593.0,593.0,187671757.7399066,0.0,63627449.737006165,3.3,2.4,1.4,23.55341621735307,52.63226537569204,92.0770919519457,15423614930.201502,301011496.9826792,0.0,7.4,7.2,6.9,1900.0,"GURCHAARAN SINGH HAIBOWAL DAIRY COMPLEX, LUDHIANA",punjab
297,128.61087136888227,115.26450485088156,54.05801744010714,896.0,896.0,896.0,0.0,160886932.03330046,0.0,4.3,2.9,1.4,34.9578939031803,47.25599011051932,16.16758680658082,507931601.6612815,133814005.7408742,0.0,6.8,6.8,6.7,1901.0,"DUSSHERA GROUND INDUSTRIAL ESTATE, LUDHIANA",punjab
298,0.0,72.97534504891784,0.0,1273.0,1273.0,1273.0,0.0,0.0,10201832.092477212,4.2,2.9,1.6,0.0,17.83328099485627,24.295106266897523,362170205.85936415,0.0,99026880.7172954,6.7,6.7,6.7,1902.0,"SHUKLA TEA STAL POINT, LUDHIANA",punjab
299,0.0,132.54756875705274,0.0,749.0,749.0,749.0,0.0,74956029.38845368,1978263.0086353803,3.8,2.7,1.6,15.547296183728943,0.0,16.208192758708982,7753438615.354031,846116693.4727836,108231597.22210032,7.2,7.0,6.8,1903.0,"PUNJAB AGRICULTUREAL UNIVERSITY, LUDHIANA",punjab
300,0.0,43.955957181950744,0.0,1470.0,1470.0,1470.0,0.0,94186581.32577623,18485329.38185189,3.0,3.0,3.0,33.245070039371576,32.03040070095753,35.89361801039168,0.0,0.0,93694023.26624545,7.0,7.0,7.0,2917.0,"NEAR HARMANDIR SAHEB, AMRITSAR, PUNJAB",punjab
301,0.0,0.0,0.0,2629.0,2067.0,1504.0,53891436.57614957,83738186.96064419,0.0,7.8,6.6,5.3,31.244990221121054,0.0,0.0,0.0,438847963.43489593,80341642.80778012,7.1,7.0,6.8,2918.0,"DERA BASSI, PUNJAB",punjab
302,0.0,4.471016522161467,0.0,2634.0,2634.0,2634.0,0.0,0.0,17499859.878280412,8.0,8.0,8.0,0.0,0.0,52.80529227777687,11293597960.202393,0.0,0.0,6.9,6.9,6.9,2920.0,"HAMIRA VILLAGE, PUNJAB",punjab
303,61.06073213695532,0.2693292232585405,4.435684796845683,409.0,409.0,409.0,40986541.90126347,61002676.02771455,0.0,1.2,1.2,1.2,48.41900167780121,6.246843858169985,0.0,0.0,147730135.43955922,0.0,8.1,8.1,8.1,2921.0,"HAMIRA VILLAGE, PUNJAB",punjab
304,0.0,44.17707263977184,93.23844025577075,1189.0,1189.0,1189.0,41519433.49143979,0.0,28758196.718333554,4.6,4.6,4.6,6.220382026097141,37.97969680375004,56.099536208556344,0.0,455174967.7375849,47602495.77082547,6.9,6.9,6.9,2922.0,"LEATHER COMPLEX, JALANDHAR, PUNJAB",punjab
305,46.003456751225556,0.0,29.093924418884935,2638.0,2638.0,2638.0,0.0,116274466.33854021,0.0,8.6,8.6,8.6,55.04808665122317,30.848918119469584,3.3499260150338834,2385914917.4640865,0.0,0.0,6.9,6.9,6.9,2923.0,"LEATHER COMPLEX, JALANDHAR, PUNJAB",punjab
306,96.80185588324721,38.62724879788009,46.82115300263987,1009.0,1009.0,1009.0,52324083.00451629,99482332.00374453,19518009.799644206,2.0,2.0,2.0,53.138830194008506,73.67813578216314,22.86182454626962,0.0,288219526.00337785,36987282.20097362,7.5,7.5,7.5,2924.0,"MANDI GOBINDGARH, PUNJAB",punjab
307,192.5219139805142,0.0,0.0,2390.0,2390.0,2390.0,0.0,56962181.68513919,0.0,4.4,4.4,4.4,6.253621152564854,19.937010846535003,26.093602352564876,0.0,525266028.2407098,34351623.21284516,7.1,7.1,7.1,2925.0,"MANDI GOBINDGARH, PUNJAB",punjab
308,82.94158782682136,0.0,0.0,1083.0,1083.0,1083.0,411268836.53483146,0.0,49182462.70588994,3.8,3.8,3.8,0.0,55.480681151996706,55.660250872166024,0.0,28869917.34217321,0.0,7.1,7.1,7.1,2926.0,"NANGAL, PUNJAB",punjab
309,0.0,0.0,0.0,669.0,669.0,669.0,0.0,0.0,0.0,2.2,2.2,2.2,56.90641452470361,22.305956466247274,52.5754068192297,2509150204.801493,411325414.9169168,47403219.17001543,7.2,7.2,7.2,2926.0,"NANGAL, PUNJAB",punjab
310,0.0,131.91002027763895,40.11247047075225,1158.0,1158.0,1158.0,95755082.38854188,2932995.076705338,3566102.725301495,4.2,4.2,4.2,0.0,25.93903908708659,55.07887604369903,0.0,630754117.2696939,76365477.84678808,6.8,6.8,6.8,2927.0,"NANGAL, PUNJAB",punjab
311,0.0,22.919649944235655,0.0,647.0,635.0,623.0,146376739.32988665,0.0,45728528.82450975,2.5,2.5,2.4,10.168717084746817,66.81081990079184,20.73623984232198,0.0,0.0,51289836.07884919,7.1,7.1,7.1,2928.0,"ROPAR, PUNJAB",punjab
312,0.0,8.112543885516988,0.0,1673.0,1673.0,1673.0,0.0,35832284.38262186,71006613.83707422,2.5,2.5,2.5,3.899129645478471,1.2754941231224812,50.36059075924753,5792860150.560976,308743553.97313124,8193597.85520741,7.0,7.0,7.0,2930.0,"TOANSA, PUNJAB",punjab
313,0.0,10.672849622123792,0.0,406.0,406.0,406.0,468852957.847007,40844071.75813119,42924283.06622366,1.4,1.4,1.4,58.32534006855173,29.362950279057213,47.842218549663585,0.0,0.0,0.0,7.4,7.4,7.4,2931.0,"TOANSA, PUNJAB",punjab
314,1.1,1.1,1.1,2500.0,2500.0,2500.0,4.0,4.0,4.0,1.8,1.8,1.8,25.0,25.0,25.0,4.0,4.0,4.0,8.4,8.4,8.4,1415.0,"WELL OF LOOMJI, CHAUDHARY, NEAR NAYAGAON, PALI, (U/S 1 KM. FROM PALI TOWN), RAJASTHAN",rajasthan
315,1.3,1.3,1.3,7100.0,7100.0,7100.0,4.0,4.0,4.0,3.7,3.7,3.7,26.0,26.0,26.0,7.0,7.0,7.0,8.4,8.4,8.4,1416.0,"WELL OF BHOPAL SINGH, 24 KM. FROM PALI TOWN, RAJASTHAN",rajasthan
316,0.8,0.8,0.8,940.0,940.0,940.0,0.0,0.0,0.0,1.0,1.0,1.0,28.0,28.0,28.0,7.0,7.0,7.0,8.0,8.0,8.0,1706.0,"RIICO PUMP HOUSE NEAR MONTO MOTORS, MIA, ALWAR, RAJASTHAN",rajasthan
317,1.1,1.1,1.1,1400.0,1400.0,1400.0,0.0,0.0,7100994.815558772,0.8,0.8,0.8,28.0,28.0,28.0,4.0,4.0,4.0,7.7,7.7,7.7,1708.0,"WELL KOTHI IN VILLAGE BAGAR RAJPUT, ALWAR, RAJASTHAN",rajasthan
318,1.5,1.5,1.5,950.0,950.0,950.0,4.0,4.0,4.0,0.8,0.8,0.8,28.0,28.0,28.0,9.0,9.0,9.0,7.4,7.4,7.4,1709.0,"WELL AT VILLAGE SANTHLA VERY NEAR BHIWADI INDUSTRIAL AREA, BHIWADI, RAJASTHAN",rajasthan
319,0.8,0.8,0.8,1670.0,1670.0,1670.0,0.0,101823412.75121434,44948142.63785022,2.4,2.4,2.4,28.0,28.0,28.0,4.0,4.0,4.0,7.5,7.5,7.5,1710.0,"WELL AT VILLAGE ALUPUR, VERY NEAR BHIWADI INDUSTRIAL AREA, BHIWADI, RAJASTHAN",rajasthan
320,0.6,0.6,0.6,6500.0,6500.0,6500.0,222114861.62166554,155842304.78867406,20543598.60398603,4.6,4.6,4.6,29.0,29.0,29.0,4.0,4.0,4.0,7.2,7.2,7.2,1711.0,"WELL AT VILLAGE HARCHANDPUR, VERY NEAR, BHIWADI TO BHIWADI INDUSTRIAL AREA, BHIWADI, RAJASTHAN",rajasthan
321,1.8,1.8,1.8,1600.0,1600.0,1600.0,177923786.45692948,88975479.95750201,17690899.083653092,0.5,0.5,0.5,28.0,28.0,28.0,4.0,4.0,4.0,7.7,7.7,7.7,1712.0,"WELL AT VILLAGE BHIWADI , VERY NEAR, BHIWADI TO BHIWADI INDUSTRIAL AREA, BHIWADI, RAJASTHAN",rajasthan
322,1.0,1.0,1.0,1690.0,1690.0,1690.0,0.0,0.0,0.0,1.0,1.0,1.0,29.0,29.0,29.0,4.0,4.0,4.0,7.8,7.8,7.8,1713.0,"WELL AT VILLAGE GATTAL, NEAR, BHIWADI TO BHIWADI INDUSTRIAL AREA, BHIWADI, RAJASTHAN",rajasthan
323,0.8,0.8,0.8,700.0,700.0,700.0,169183464.9575289,0.0,16091735.011879595,1.8,1.8,1.8,30.0,30.0,30.0,9.0,9.0,9.0,7.3,7.3,7.3,1715.0,"HAND PUMP NEAR SECONDARY SCHOOL ABOUT 300M. FROM KANSUA NALA, DEOLI ARAB VILLAGE, KOTA, RAJASTHAN",rajasthan
324,0.7,0.7,0.7,1300.0,1300.0,1300.0,92744186.99789247,0.0,41578554.50950282,0.5,0.5,0.5,25.0,25.0,25.0,4.0,4.0,4.0,7.4,7.4,7.4,1720.0,"CHAUDHARY KA WELL VILLAGE PANIALA, KOTAPUTALI NEAR ASSOCIATED ALCOHOL BREVERIES LTD JAIPUR, RAJASTH",rajasthan
325,0.7,0.7,0.7,560.0,560.0,560.0,176450257.99713176,0.0,18306502.96525262,2.0,2.0,2.0,26.0,26.0,26.0,4.0,4.0,4.0,7.6,7.6,7.6,1721.0,"PHED WELL NEAR RAILWAY LINE JHOTAWARA, JAIPUR, RAJASTHAN",rajasthan
326,1.1,1.1,1.1,4200.0,4200.0,4200.0,0.0,0.0,0.0,1.6,1.6,1.6,25.0,25.0,25.0,4.0,4.0,4.0,7.5,7.5,7.5,1723.0,"HAND PUMP OF VIDHANI VILLAGE GONER ROAD JAIPUR, RAJASTHAN",rajasthan
327,0.9,0.9,0.9,1590.0,1590.0,1590.0,4.0,4.0,4.0,0.7,0.7,0.7,26.0,26.0,26.0,9.0,9.0,9.0,7.8,7.8,7.8,1724.0,"WELL OF GOOJARON KI TALAI, MOHANA ROAD SANGANER JAIPUR, RAJASTHAN",rajasthan
328,1.7,1.7,1.7,1680.0,1680.0,1680.0,589344053.4525913,7606974.028388735,41656891.81279979,1.1,1.1,1.1,26.0,26.0,26.0,4.0,4.0,4.0,6.8,6.8,6.8,1725.0,"PUBLIC HAND PUMP BEFORE SANGANER PULIA, RAJASTHAN",rajasthan
329,1.6,1.6,1.6,4700.0,4700.0,4700.0,0.0,91701895.6294868,48190427.69471985,4.4,4.4,4.4,24.0,24.0,24.0,4.0,4.0,4.0,7.7,7.7,7.7,2015.0,"PABUPURA ROAD NEAR CIVIL AIR PORT, JODHPUR (MANGILAL RATHOR)",rajasthan
330,1.7,1.4,1.1,2500.0,2250.0,2000.0,112107736.38306777,221700627.16398582,6240001.635424914,4.4,3.0,1.7,23.0,22.5,22.0,4.0,4.0,4.0,8.0,7.9,7.8,2017.0,"VILLAGE VINAYAKIA, JODHPUR (HIRALAL KUMHAR)",rajasthan
331,1.4,1.4,1.4,4300.0,4300.0,4300.0,4.0,4.0,4.0,2.6,2.6,2.6,22.0,22.0,22.0,9.0,9.0,9.0,7.7,7.7,7.7,2018.0,"VILLAGE VINAYAKIA, JODHPUR (HUKUM SINGH RATHORE)",rajasthan
332,1.1,1.1,1.1,1820.0,1820.0,1820.0,0.0,0.0,5860209.902757622,1.3,1.3,1.3,24.0,24.0,24.0,4.0,4.0,4.0,6.7,6.7,6.7,2019.0,"NEAR UIT BRIDGE, UDAIPUR",rajasthan
333,1.2,1.2,1.2,1870.0,1870.0,1870.0,603365284.9759324,116642799.0141384,0.0,1.4,1.4,1.4,24.0,24.0,24.0,4.0,4.0,4.0,6.8,6.8,6.8,2020.0,"NEW FATEHPURA, 200 FT.FROM PANCHWATI NALLAH, UDAIPUR",rajasthan
334,1.5,1.5,1.5,2200.0,2200.0,2200.0,0.0,105812617.25087331,47920352.01232262,1.0,1.0,1.0,24.0,24.0,24.0,4.0,4.0,4.0,6.8,6.8,6.8,2021.0,"NEAR ARVIND GENERAL STORE, ALOO FACTORY, KACCHI BASTI, SARDARPURA, UDAIPUR",rajasthan
335,1.6,1.6,1.6,1700.0,1700.0,1700.0,81657749.31750098,0.0,0.0,1.1,1.1,1.1,24.0,24.0,24.0,4.0,4.0,4.0,6.7,6.7,6.7,2022.0,"NEAR RANA PRATAP NAGAR, RAILWAY STATION, UDAIPUR",rajasthan
336,1.4,1.4,1.4,1500.0,1500.0,1500.0,4.0,4.0,4.0,2.1,2.1,2.1,24.0,24.0,24.0,9.0,9.0,9.0,6.7,6.7,6.7,2023.0,"HOTEL ORIENT PLACE, SUBHAS NAGAR, UDAIPUR",rajasthan
337,0.6,0.6,0.6,1810.0,1810.0,1810.0,267263576.1324585,0.0,57444108.57962113,1.4,1.4,1.4,27.0,27.0,27.0,4.0,4.0,4.0,7.1,7.1,7.1,2024.0,"IN SIDE SHIV TEMPLE NEAR AIR FORCE STATION AMER ROAD, JAIPUR",rajasthan
338,0.9,0.9,0.9,2000.0,2000.0,2000.0,4.0,4.0,4.0,2.0,2.0,2.0,27.0,27.0,27.0,9.0,9.0,9.0,6.9,6.9,6.9,2025.0,"NEAR SHREE KALYANESHWAR MPCBADEV TEMPLE, JAI SINGH PURA KHURD, JAIPUR.",rajasthan
339,0.7,0.7,0.7,1000.0,1000.0,1000.0,0.0,0.0,2102364.043001765,0.8,0.8,0.8,27.0,27.0,27.0,4.0,4.0,4.0,6.9,6.9,6.9,2026.0,"NEAR FOJI NAGAR, KACCHI BASTI, AMBABARI, JAIPUR.",rajasthan
340,1.0,1.0,1.0,1380.0,1380.0,1380.0,72721153.40592343,73461684.5936544,0.0,1.0,1.0,1.0,26.0,26.0,26.0,4.0,4.0,4.0,7.3,7.3,7.3,2027.0,"NEAR ABN CENTRAL ACADEMY, SUSILPURA, SODALA, JAIPUR.",rajasthan
341,0.7,0.7,0.7,1410.0,1410.0,1410.0,0.0,139920974.9419304,14445336.167664705,0.8,0.8,0.8,26.0,26.0,26.0,4.0,4.0,4.0,7.2,7.2,7.2,2028.0,"NEAR SAMSHAN VISHWAKARMA NAGAR, MPCBARANIFARM, JAIPUR",rajasthan
342,0.9,0.9,0.9,850.0,850.0,850.0,117395165.95517145,0.0,28642309.086325537,1.1,1.1,1.1,32.0,32.0,32.0,4.0,4.0,4.0,7.6,7.6,7.6,2029.0,"NEAR GANDHI BHWAN, AJMER",rajasthan
343,1.7,1.7,1.7,3400.0,3400.0,3400.0,80736830.68983725,84342597.09357339,15068564.52385065,1.4,1.4,1.4,32.0,32.0,32.0,4.0,4.0,4.0,7.4,7.4,7.4,2030.0,"OPPOSITE PRIVATE BUS STAND, AJMER",rajasthan
344,1.5,1.5,1.5,1000.0,1000.0,1000.0,20381817.1093635,6305236.911711886,5428241.935819303,1.0,1.0,1.0,32.0,32.0,32.0,4.0,4.0,4.0,7.5,7.5,7.5,2031.0,"NEAR 9 NO. PETROL PUMP, NEAR ADARSH NAGAR GATE, AJMER",rajasthan
345,1.2,1.2,1.2,310.0,310.0,310.0,77775717.90952085,0.0,27099256.770988457,1.2,1.2,1.2,33.0,33.0,33.0,4.0,4.0,4.0,7.7,7.7,7.7,2032.0,"NEAR KHANPURA TALAB, AJMER",rajasthan
346,1.5,1.5,1.5,2000.0,2000.0,2000.0,0.0,145805420.34026954,21013218.221373845,2.1,2.1,2.1,33.0,33.0,33.0,4.0,4.0,4.0,7.2,7.2,7.2,2033.0,"OUTSIDE JLN HOSPITAL, AJMER",rajasthan
347,1.3,1.3,1.3,890.0,890.0,890.0,0.0,38527776.46323912,0.0,1.0,1.0,1.0,28.0,28.0,28.0,4.0,4.0,4.0,7.8,7.8,7.8,2957.0,"WELL/ HAND PUMPS IN THE RIICO INDUSTRIAL AREA, BANSWARA, RAJASTHAN",rajasthan
348,1.8,1.8,1.8,4100.0,4100.0,4100.0,4.0,4.0,4.0,1.8,1.8,1.8,27.0,27.0,27.0,7.0,7.0,7.0,6.9,6.9,6.9,2958.0,"WELL OF SH. BHURA RAM, KHETRI NGAR, JHUNJHUNU, RAJASTHAN",rajasthan
349,1.1,1.1,1.1,4300.0,4300.0,4300.0,4.0,4.0,4.0,1.6,1.6,1.6,27.5,27.5,27.5,9.0,9.0,9.0,7.6,7.6,7.6,2959.0,"WELL OF SH. BRIJA RAM, KHETRI NAGAR, JHUNJHUNU, RAJASTHAN",rajasthan
350,2.0,2.0,2.0,3600.0,3600.0,3600.0,4.0,4.0,4.0,1.5,1.5,1.5,29.5,29.5,29.5,9.0,9.0,9.0,7.1,7.1,7.1,2960.0,"WELL INFRONT OF SINGHANA POLICE STATION, SINGHANA, JHUNJHUNU, RAJASTHAN",rajasthan
351,1.3,1.3,1.3,670.0,670.0,670.0,4.0,4.0,4.0,0.7,0.7,0.7,26.0,26.0,26.0,4.0,4.0,4.0,7.4,7.4,7.4,2961.0,"WELL OF SH MNAGAL CHAND MEENA, MANPUR MACHERI, JAIPUR, RAJASTHAN",rajasthan
352,1.3,1.3,1.3,750.0,750.0,750.0,0.0,0.0,34401703.59293834,0.6,0.6,0.6,26.0,26.0,26.0,4.0,4.0,4.0,7.5,7.5,7.5,2962.0,"WELL OF SH MOOL CHAND RAIGER, MANPUR MACHERI, JAIPUR, RAJASTHAN",rajasthan
353,0.8,0.8,0.8,990.0,990.0,990.0,130957327.47089233,86602384.44053693,0.0,0.6,0.6,0.6,25.0,25.0,25.0,4.0,4.0,4.0,7.8,7.8,7.8,2963.0,"WELL OF RIICO AT LEATHER COMPLEX, MANPUR MACHERI, JAIPUR, RAJASTHAN",rajasthan
354,2.5,2.5,2.5,1170.0,1170.0,1170.0,0.0,35782080.1908403,26723241.877130985,0.6,0.6,0.6,27.0,27.0,27.0,4.0,4.0,4.0,7.4,7.4,7.4,2964.0,"WELL AT INDIA PUBLIC SCHOOL, MANPUR MACHERI, JAIPUR, RAJASTHAN",rajasthan
355,2.8,2.8,2.8,890.0,890.0,890.0,4.0,4.0,4.0,2.4,2.4,2.4,24.0,24.0,24.0,7.0,7.0,7.0,8.3,8.3,8.3,2965.0,"SHRI GIRDHARI SINGH CHOUDHARY NEAR BANDI RIVER BRIDGE, PALI BYE PASS ROAD, PALI, RAJASTHAN",rajasthan
356,3.0,3.0,3.0,5700.0,5700.0,5700.0,4.0,4.0,4.0,3.0,3.0,3.0,25.0,25.0,25.0,7.0,7.0,7.0,8.4,8.4,8.4,2966.0,"SHRI GIRDHARI SINGH RAJPUROHIT NEAR VILLAGE PUNAYATA, JODHPUR- SUMERPUR BYE PASS ROAD, PALI, RAJASTHAN",rajasthan
357,2.8,2.8,2.8,1590.0,1590.0,1590.0,4.0,4.0,4.0,1.4,1.4,1.4,24.0,24.0,24.0,7.0,7.0,7.0,8.4,8.4,8.4,2967.0,"SH. POL SINGH PUROHIT, VILLAGE PUNAYATA, PALI, RAJASTHAN",rajasthan
358,2.0,2.0,2.0,6100.0,6100.0,6100.0,4.0,4.0,4.0,2.9,2.9,2.9,24.0,24.0,24.0,7.0,7.0,7.0,8.5,8.5,8.5,2968.0,"SH. BHANA RAM KALAL, DHARU NAGAR, NEAR MAIN MANDIA ROAD, OPP. VILLAGE MANDIA, PALI, RAJASTHAN",rajasthan
359,1.7,1.7,1.7,860.0,860.0,860.0,4.0,4.0,4.0,1.4,1.4,1.4,28.0,28.0,28.0,7.0,7.0,7.0,7.5,7.5,7.5,2969.0,"M/S SPECIALTY SILICA LTD., MIA ALWAR AGRO FOOD PARK, ALWAR, RAJASTHAN",rajasthan
360,0.9,0.9,0.9,1740.0,1740.0,1740.0,0.0,0.0,1114320.4318283903,2.3,2.3,2.3,28.0,28.0,28.0,4.0,4.0,4.0,7.5,7.5,7.5,2970.0,"RIICO TUBE WELL, RIA, BEHROR, RAJASTHAN",rajasthan
361,0.8,0.8,0.8,2000.0,2000.0,2000.0,161119460.43390396,195677055.4117592,7866074.764905177,1.4,1.4,1.4,28.0,28.0,28.0,4.0,4.0,4.0,7.5,7.5,7.5,2971.0,"RIICO TUBE WELL, RIA, SOTANALA, RAJASTHAN",rajasthan
362,0.8,0.8,0.8,2500.0,2500.0,2500.0,0.0,26267851.457843896,9924225.416745802,1.1,1.1,1.1,28.0,28.0,28.0,4.0,4.0,4.0,7.6,7.6,7.6,2972.0,"RIICO TUBE WELL, RIA, NEEMRANA, RAJASTHAN",rajasthan
363,0.9,0.9,0.9,3000.0,3000.0,3000.0,167902843.28294104,0.0,0.0,1.6,1.6,1.6,27.0,27.0,27.0,4.0,4.0,4.0,7.7,7.7,7.7,2973.0,"RIICO TUBE WELL, RIA, SHAHJAHANPUR, RAJASTHAN",rajasthan
364,0.8,0.8,0.8,1390.0,1390.0,1390.0,198585972.52470672,8250578.024207698,30734141.68855156,1.8,1.8,1.8,29.0,29.0,29.0,4.0,4.0,4.0,7.7,7.7,7.7,2974.0,"VILLAGE AGYARA, TEHSIL- RAMGARH, ALWAR, RAJASTHAN",rajasthan
365,0.9,0.9,0.9,4200.0,4200.0,4200.0,94220178.57828788,0.0,0.0,2.2,2.2,2.2,28.0,28.0,28.0,4.0,4.0,4.0,7.5,7.5,7.5,2975.0,"VILLAGE BAGER MEO, TEHSIL- RAMGARH, ALWAR, RAJASTHAN",rajasthan
366,14.6,12.5,10.5,7800.0,6650.0,5500.0,28.0,18.0,7.0,7.0,4.9,2.9,25.0,24.0,23.0,1100.0,655.0,210.0,8.4,8.0,7.5,2976.0,"SUJAN GANGA AT KETAN GATE, BHARATPUR, RAJASTHAN",rajasthan
367,14.9,14.9,14.9,21000.0,21000.0,21000.0,87785343.97765066,0.0,0.0,6.2,6.2,6.2,22.0,22.0,22.0,4.0,4.0,4.0,7.8,7.8,7.8,2977.0,"WELL OF RAM CHANDRA DEWRA, VILLAGE- SANGARIA, JODHPUR, RAJASTHAN",rajasthan
368,2.4,2.4,2.4,2200.0,2200.0,2200.0,4.0,4.0,4.0,0.6,0.6,0.6,20.0,20.0,20.0,9.0,9.0,9.0,8.0,8.0,8.0,2982.0,"WELL OF BIRMA RAM PATEL, SALAWAS, JODHPUR, RAJASTHAN",rajasthan
369,2.5,2.5,2.5,12700.0,12700.0,12700.0,175628918.63598177,235289552.1754595,0.0,4.0,4.0,4.0,24.0,24.0,24.0,4.0,4.0,4.0,7.6,7.6,7.6,2985.0,"WELL OF GIRDHARI RAM MEGHWAL, VILLAGE- NANDWAN, JODHPUR, RAJASTHAN",rajasthan
370,2.7,2.7,2.7,8400.0,8400.0,8400.0,108307806.15924005,0.0,5965915.80868672,3.1,3.1,3.1,19.0,19.0,19.0,4.0,4.0,4.0,7.8,7.8,7.8,2986.0,"TUBE WELL OF GIRDHARI LAL, BHITUJA, RAJASTHAN",rajasthan
371,7.8,7.8,7.8,8300.0,8300.0,8300.0,249307672.16553232,0.0,16368445.124601886,5.7,5.7,5.7,20.0,20.0,20.0,4.0,4.0,4.0,8.0,8.0,8.0,2987.0,"CWR OF PHED, BHITUJA, RAJASTHAN",rajasthan
372,1.8,1.8,1.8,6600.0,6600.0,6600.0,103056707.71695068,20137788.771556575,0.0,3.0,3.0,3.0,19.0,19.0,19.0,4.0,4.0,4.0,7.9,7.9,7.9,2988.0,"WELL OF PEMA RAM MALI, BHITUJA, RAJASTHAN",rajasthan
373,2.8,2.8,2.8,11700.0,11700.0,11700.0,0.0,119879841.60262306,25963771.74834665,12.0,12.0,12.0,20.0,20.0,20.0,4.0,4.0,4.0,7.8,7.8,7.8,2989.0,"WELL OF BABULAL UKKAD JI MALI, SAKARNA BERA, BALOTRA, , JODHPUR, RAJASTHAN",rajasthan
374,3.1,3.1,3.1,11500.0,11500.0,11500.0,0.0,70077483.10068983,0.0,3.7,3.7,3.7,18.0,18.0,18.0,4.0,4.0,4.0,7.6,7.6,7.6,2990.0,"WELL OF BHIKSINGH S/O AMAR SINGH PUROHIT, SAKARNA BERA, BALOTRA, JODHPUR, RAJASTHAN",rajasthan
375,2.5,2.5,2.5,9700.0,9700.0,9700.0,4.0,4.0,4.0,2.9,2.9,2.9,19.0,19.0,19.0,7.0,7.0,7.0,7.4,7.4,7.4,2991.0,"WELL OF BHAG JI LAXMAN RAM MALI, SAKARNA BERA, BALOTRA, JODHPUR, RAJASTHAN",rajasthan
376,4.3,4.3,4.3,21000.0,21000.0,21000.0,4.0,4.0,4.0,5.6,5.6,5.6,18.0,18.0,18.0,7.0,7.0,7.0,7.8,7.8,7.8,2993.0,"WELL OF CHOUTHA RAM PUSA PAM, LEFT SIDE OF BRIDGE LUNI, BALOTRA, RAJASTHAN",rajasthan
377,1.3,1.3,1.3,3300.0,3300.0,3300.0,38326073.60060475,64949140.73365904,40853439.708708435,1.3,1.3,1.3,27.0,27.0,27.0,4.0,4.0,4.0,7.3,7.3,7.3,3000.0,"BORE WELL SH. UMESH KUMAR S/O SH. HORIDWARI RAM 3A-16 UIT, BHUTIJA, RAJASTHAN",rajasthan
378,0.9,0.9,0.9,1820.0,1820.0,1820.0,0.0,0.0,19169332.61997753,2.0,2.0,2.0,29.0,29.0,29.0,4.0,4.0,4.0,7.6,7.6,7.6,3001.0,"BORE WELL SH. BHRAM JEET SERVICE STATION, BHIWADI, RAJASTHAN",rajasthan
379,0.7,0.7,0.7,870.0,870.0,870.0,76234103.48698929,2272491.01735821,0.0,1.8,1.8,1.8,28.0,28.0,28.0,4.0,4.0,4.0,7.8,7.8,7.8,3002.0,"BORE WELL M/S R.C. PALACE HOTEL, BHIWADI, RAJASTHAN",rajasthan
380,1.7,1.7,1.7,3500.0,3500.0,3500.0,104097155.68108472,0.0,42792236.313575216,2.1,2.1,2.1,28.0,28.0,28.0,4.0,4.0,4.0,7.5,7.5,7.5,3003.0,"BORE WELL OFFICE OF RAJ. HOUSING BOARD, BHIWADI, RAJASTHAN",rajasthan
381,0.9,0.9,0.9,2500.0,2500.0,2500.0,83099681.27635418,0.0,120233584.50173433,0.8,0.8,0.8,28.0,28.0,28.0,0.0,195211597.01310718,0.0,7.6,7.6,7.6,3004.0,"BORE WELL OF M/S MODERN PUBLIC SCHOOL, BHIWADI, RAJASTHAN",rajasthan
382,1.2,1.2,1.2,2100.0,2100.0,2100.0,0.0,0.0,0.0,2.0,2.0,2.0,26.0,26.0,26.0,7.0,7.0,7.0,7.7,7.7,7.7,3006.0,"HAND PUMP NEAR NEVTA TIRAHA, NEVTA DAM, SANGANER, JAIPUR, RAJASTHAN",rajasthan
383,27.547856888609996,0.0,91.44180049362195,186.0,182.0,178.0,45421132.36627608,73660678.04707494,19610224.6369629,1.2,0.9,0.6,27.5,26.8,26.0,2233836044.1271963,0.0,70755811.61756638,8.0,7.7,7.4,1405.0,"WELL AT UDAIPUR (TUBEWELL), TRIPURA",tripura
384,14.925848747168356,46.57614905663089,0.0,366.0,345.0,330.0,55322067.30315868,0.0,0.0,0.0,0.0,0.0,28.0,27.2,26.5,0.0,0.0,25774576.543514803,7.8,7.7,7.6,1406.0,"WELL AROUND UDAIPUR (TUBEWELL), TRIPURA",tripura
385,52.54964684511741,39.764357144764226,1.0272796077349784,211.0,202.0,192.0,0.0,128315044.54529549,0.0,0.8,0.7,0.6,28.3,27.7,26.9,0.0,0.0,132946945.68947193,7.9,7.8,7.7,1730.0,"KUNJBAN, AGARTALA, TRIPURA",tripura
386,0.0,0.0,1.6057234781344245,108.0,101.0,98.0,0.0,0.0,16065867.360227946,0.1,0.1,0.0,28.0,27.8,27.5,11163907792.029724,525029815.78321534,0.0,7.7,7.7,7.6,1731.0,"LANKAMURA, TRIPURA",tripura
387,29.92895596853885,15.363806299284217,13.095090028850585,127.0,119.0,112.0,0.0,80133414.54171245,43614530.32596913,0.0,0.0,0.0,28.0,27.5,27.0,0.0,112182532.41875733,0.0,7.7,7.6,7.6,1732.0,"A.D.NAGAR, AGARTALA, TRIPURA",tripura
388,119.84056887995591,0.0,67.69067172945714,149.0,145.0,141.0,0.0,58399189.7916868,0.0,0.0,0.0,0.0,28.0,27.9,27.7,0.0,85155412.26145428,0.0,7.9,7.7,7.4,1733.0,"SHIBNAGAR, AGARTALA, TRIPURA",tripura
389,0.0,48.245894239544654,0.0,216.0,194.0,174.0,0.0,0.0,60565539.89274892,0.0,0.0,0.0,27.3,27.2,27.0,690131289.1712466,0.0,0.0,7.7,7.5,7.4,1734.0,"GANDHIGRAM, AGARTALA, TRIPURA",tripura
390,5.2,5.1,4.9,1072.0,1058.0,1044.0,100.0,90.0,80.0,4.2,4.0,3.9,24.0,23.0,22.0,220.0,195.0,170.0,7.0,6.9,6.9,1736.0,"GROUND WATER QUALITY STATION SARDARNAGAR, U.P",uttar_pradesh_uttarakhand
391,3.6,3.5,3.4,786.0,765.0,744.0,40.0,35.0,30.0,3.0,2.9,2.7,24.0,22.5,21.0,80.0,70.0,60.0,6.9,6.9,6.9,1737.0,"GROUND WATER QUALITY STATION CAPTANGANJ, U.P",uttar_pradesh_uttarakhand
392,19.60243945535074,0.0,6.4801237394018045,674.0,674.0,674.0,361566415.21920115,0.0,64160769.66653183,0.0,0.0,0.0,26.0,26.0,26.0,12450032836.017504,0.0,115955731.28661247,7.7,7.7,7.7,1738.0,"SITE 1, INDUSTRIAL AREA NEAR M/S WOODWARM CHEMICAL LTD., UNNAO, U.P",uttar_pradesh_uttarakhand
393,0.0,0.0,89.25808683965101,2987.0,2987.0,2987.0,0.0,0.0,0.0,0.0,0.0,0.0,26.0,26.0,26.0,0.0,0.0,0.0,7.4,7.4,7.4,1739.0,"SITE 2, INDUSTRIAL AREA NEAR M/S AMIN SONS, UNNAO, U.P",uttar_pradesh_uttarakhand
394,108.57020749388893,31.05214630190417,0.0,2940.0,2940.0,2940.0,216308374.8285158,111388781.61704728,37320164.451905705,0.0,0.0,0.0,26.0,26.0,26.0,0.0,569653542.2006342,115389356.49282207,7.3,7.3,7.3,1740.0,"AT ROADWAYS BUS STATION, UNNAO, U.P",uttar_pradesh_uttarakhand
395,25.57849056502349,0.0,60.31162762190825,1202.0,1202.0,1202.0,0.0,0.0,0.0,0.0,0.0,0.0,26.0,26.0,26.0,0.0,541268091.5708458,93436923.08883794,7.5,7.5,7.5,1741.0,"MAGAWARA INDUSTRIAL AREA NEAR M/S JAMJAM TANNERS, UNNAO, U.P",uttar_pradesh_uttarakhand
396,0.1,0.1,0.1,639.0,613.0,587.0,0.0,92804113.66225602,52209869.714250974,0.3,0.2,0.0,25.8,25.4,25.0,941873237.2299025,204782678.16537336,165381908.0924513,7.3,7.2,7.1,1742.0,"Handpump near India Pesticide Ltd., Chinhat ind Area",uttar_pradesh_uttarakhand
397,0.2,0.2,0.2,1182.0,1072.0,963.0,0.0,0.0,0.0,24.8,17.5,10.2,26.0,25.5,25.0,0.0,808421328.1999395,139041904.47051212,7.2,7.1,7.0,1743.0,"Handpump near Eveready Inds.,  Aishbagh",uttar_pradesh_uttarakhand
398,0.0,46.42872898012744,2.1689944629317144,3923.0,3923.0,3923.0,206367645.6191219,1935683.070816185,0.0,3.9,3.9,3.9,29.0,29.0,29.0,6016651741.126982,42536655.84317009,0.0,6.9,6.9,6.9,1744.0,"JAJMAU INDUSTRIAL AREA NO. 6 KANPUR, U.P",uttar_pradesh_uttarakhand
399,0.0,102.1794655910569,0.0,1109.0,1109.0,1109.0,129591394.63631073,88067175.13555014,0.0,4.2,4.2,4.2,29.0,29.0,29.0,3745413301.6618195,0.0,0.0,7.4,7.4,7.4,1745.0,"PANKI INDUSTRIAL AREA NEAR INDUSTRY OF AMMONIA FERTIZER KANPUR, U.P",uttar_pradesh_uttarakhand
400,0.0,78.70158600428744,0.0,869.0,622.0,315.0,235337302.36512667,22764103.743695572,169509.54595287246,0.3,0.2,0.0,22.0,20.7,18.0,0.0,0.0,0.0,7.8,7.7,7.6,1746.0,Nagar Palika Tube well Sultanpur,uttar_pradesh_uttarakhand
401,0.0,0.0,0.0,852.0,732.0,611.0,77436981.8062979,67906922.9526273,47274849.5312729,0.2,0.2,0.2,21.0,21.0,21.0,0.0,0.0,73040675.95321143,7.9,7.8,7.8,1747.0,"India Marka hand pump,Sareny, Raebareli",uttar_pradesh_uttarakhand
402,0.0,155.0930415413348,115.28597432004072,740.0,625.0,510.0,143095360.79091588,134447051.70766258,0.0,0.8,0.4,0.0,22.0,22.0,22.0,1851185426.956355,0.0,0.0,7.2,7.2,7.1,1749.0,"TUBE WELL AT MEERUT CITY, U.P",uttar_pradesh_uttarakhand
403,0.0,0.0,0.0,710.0,700.0,690.0,0.0,191137555.5852844,0.0,0.8,0.4,0.0,23.0,22.5,22.0,13683574323.02765,217140510.5941612,6367809.929504128,7.7,7.6,7.4,1750.0,"TUBE WELL AT BAGPAT CITY, U.P",uttar_pradesh_uttarakhand
404,2.8,2.4,2.0,3880.0,2450.0,1020.0,0.0,0.0,67536965.54727623,2.7,2.6,2.5,23.6,23.3,23.0,0.0,0.0,37079683.55448834,7.3,6.9,6.6,1752.0,"SAHIBABAD INDUSTRIAL AREA, GHAZIABAD, U.P",uttar_pradesh_uttarakhand
405,2.5,2.3,2.0,1943.0,1812.0,1680.0,0.0,0.0,7916265.644787069,1.8,1.4,1.0,24.0,23.5,23.0,0.0,0.0,0.0,7.0,6.7,6.4,1753.0,"MEERUT ROAD INDUSTRIAL AREA GHAZIABAD, U.P",uttar_pradesh_uttarakhand
406,2.1,1.7,1.2,1250.0,1160.0,1070.0,51451277.05718958,93572969.15485144,0.0,2.4,2.0,1.5,24.0,23.4,22.8,11096888989.880493,624231130.0380468,0.0,7.1,6.8,6.4,1754.0,"HAPUR ROAD INDUSTRIAL AREA GHAZIABAD, U.P",uttar_pradesh_uttarakhand
407,2.6,2.4,2.2,1800.0,1505.0,1210.0,0.0,0.0,0.0,1.8,1.1,0.4,25.0,24.0,23.0,0.0,0.0,80142476.23086418,7.2,6.9,6.5,1755.0,"PILKHUA INDUSTRIAL AREA GHAZIABAD, U.P",uttar_pradesh_uttarakhand
408,0.2,0.2,0.2,1418.0,1377.0,1336.0,331269837.8630959,12941604.235406803,15567802.532067817,7.2,4.4,1.6,23.8,23.4,22.9,19903200835.9822,255844729.41538444,0.0,7.4,7.3,7.2,1757.0,"Hand Pump, Mirzapur Industrial area Mirzapur",uttar_pradesh_uttarakhand
409,0.3,0.3,0.3,1324.0,1286.0,1248.0,0.0,69170241.1125979,9972604.746675014,1.5,0.7,0.0,23.6,23.4,23.2,8702710171.68881,0.0,135937294.6556314,7.3,7.2,7.1,1759.0,"IFFCO, PHOOLPUR, ALLAHABAD, U.P",uttar_pradesh_uttarakhand
410,0.4,0.4,0.3,1336.0,1297.0,1258.0,0.0,16675150.23587911,0.0,11.4,5.7,0.0,24.0,23.7,23.3,0.0,0.0,67069852.63873141,7.0,6.9,6.7,1760.0,"M/S KANORIA CHEMICAL SONBHADRA, U.P",uttar_pradesh_uttarakhand
411,0.4,0.4,0.3,1015.0,999.0,982.0,0.0,0.0,15171905.438118773,1.6,0.8,0.0,23.9,23.4,22.8,5819527882.330126,196108302.86562803,0.0,7.3,7.3,7.2,1761.0,"TUBE WELL IN SINGRAULI INDUSTRIAL AREA, U.P",uttar_pradesh_uttarakhand
412,1.0,0.6,0.3,3300.0,2554.0,1142.0,32991057.635385185,0.0,1886102.024073737,2.0,0.7,0.0,33.0,28.9,23.8,3038115615.316795,0.0,102489210.52271222,7.6,7.3,7.1,1769.0,"Hand Pump, At Industrial Area Naini, Allahabad",uttar_pradesh_uttarakhand
413,0.3,0.3,0.3,1142.0,1142.0,1142.0,158775162.96459487,76180454.62283252,10724540.29470849,0.0,0.0,0.0,23.8,23.8,23.8,5575517664.511595,194432356.3508479,0.0,7.6,7.6,7.6,2469.0,"AT INDUSTRIAL AREA. NAINI, ALLAHABAD",uttar_pradesh_uttarakhand
414,0.2,0.2,0.2,1092.0,1092.0,1092.0,406168893.9990651,0.0,16135480.05146145,0.8,0.8,0.8,23.8,23.8,23.8,0.0,0.0,61586592.593749784,7.6,7.6,7.6,2469.0,"AT INDUSTRIAL AREA. NAINI, ALLAHABAD",uttar_pradesh_uttarakhand
415,0.4,0.4,0.3,1337.0,1305.0,1272.0,0.0,0.0,23354594.507374287,3.8,1.9,0.0,23.7,23.4,23.0,6617208678.538105,810122832.0670342,0.0,7.3,7.2,7.2,2470.0,"AT INDUSTRIAL AREA, FATEHPUR",uttar_pradesh_uttarakhand
416,2.6,2.4,2.2,496.0,491.0,486.0,60.0,50.0,40.0,0.4,0.4,0.3,23.0,21.5,20.0,110.0,105.0,100.0,8.0,8.0,8.0,2471.0,"GORAKHPUR INDUSTRIAL DEVELOPMENT AUTHORITY AREA (GIDA), GORAKHPUR",uttar_pradesh_uttarakhand
417,0.0,58.586496720377085,0.0,1060.0,1010.0,960.0,0.0,72409145.79345714,5585337.342777214,0.3,0.2,0.0,23.0,22.5,22.0,0.0,293514608.4747785,0.0,7.6,7.6,7.6,2472.0,"VILLAGE DAURALA, MEERUT",uttar_pradesh_uttarakhand
418,0.0,4.87680359201944,0.0,710.0,460.0,210.0,0.0,87703542.63560233,56439160.48475954,0.8,0.4,0.0,21.0,20.5,20.0,2928437245.478261,0.0,0.0,7.7,7.5,7.3,2473.0,"KHEKRA, BAGHPAT",uttar_pradesh_uttarakhand
419,38.48439749234051,0.0,84.81961248244501,792.0,697.0,601.0,0.0,0.0,0.0,0.3,0.3,0.3,21.0,20.5,20.0,13483942442.73161,0.0,36785885.60485648,7.8,7.8,7.7,2474.0,"India Marka hand pump,Unchahar, Raebareli",uttar_pradesh_uttarakhand
420,0.0,0.0,91.97802954829169,762.0,725.0,688.0,142954552.60649392,85456532.36609408,0.0,0.4,0.4,0.4,22.0,21.5,21.0,0.0,0.0,57124709.001028135,8.1,8.0,7.9,2475.0,"India Marka hand pump, Ind. Area, Sultanpur Road,Raebareli",uttar_pradesh_uttarakhand
421,4.683798719177486,0.0,16.021157583374087,2860.0,1382.0,983.0,0.0,0.0,0.0,0.0,0.0,0.0,31.2,26.2,17.2,0.0,0.0,0.0,7.9,7.6,7.3,2477.0,NEAR ARYA KANYA INTER COLLEGE. JALAUN,uttar_pradesh_uttarakhand
422,0.3,0.3,0.3,601.0,560.0,520.0,0.0,21530354.06847941,4472051.26950806,0.4,0.2,0.0,25.8,25.4,25.0,0.0,122389163.80479956,0.0,7.5,7.4,7.2,2478.0,"Handpump near Uptron Police Chowki Dewa road,",uttar_pradesh_uttarakhand
423,109.69951486436103,90.29668306934933,0.0,380.0,380.0,380.0,126945576.5712223,0.0,0.0,0.0,0.0,0.0,20.0,20.0,20.0,0.0,369969530.9494943,36708674.92657669,7.5,7.5,7.5,2480.0,"NEAR BRAHMAN MAJRA, PILKHANI",uttar_pradesh_uttarakhand
424,0.7,0.7,0.7,888.0,883.0,877.0,306836232.3402866,0.0,75138044.58697931,0.5,0.4,0.4,28.0,27.5,27.0,847119485.3513418,0.0,0.0,7.4,7.4,7.4,1767.0,"DURGAPUR TOWN,NEAR IISCO, BURDWAN, WEST BENGAL",west_bengal
425,1.5,0.9,0.3,864.0,760.0,656.0,219501127.2810972,0.0,0.0,0.5,0.4,0.3,33.0,32.0,31.0,5136405349.933663,249524770.38195893,34557463.6001485,7.4,7.2,6.9,1768.0,"DURGAPUR TOWN, BURDWAN, WEST BENGAL",west_bengal
426,3.2,3.0,2.8,2170.0,2155.0,2140.0,235408745.86092192,0.0,34377177.50256155,0.0,0.0,0.0,35.0,35.0,35.0,0.0,0.0,143576819.0421769,7.3,7.2,7.1,1770.0,"NEAR IOC REFINERY HALDIA, WEST BENGAL",west_bengal
427,1.3,1.0,0.7,672.0,622.0,572.0,0.0,0.0,0.0,0.4,0.2,0.1,28.0,27.5,27.0,1.0,1.0,1.0,8.3,7.9,7.5,1771.0,"KALYANI INDUSTRIAL AREA, NADIA, WEST BENGAL",west_bengal
428,1.0,0.8,0.5,867.0,782.0,696.0,0.0,0.0,0.0,0.5,0.3,0.1,28.0,28.0,28.0,0.0,0.0,0.0,8.0,7.5,7.1,1772.0,"BARASAT MUNICIPALITY NORTH 24-P, WEST BENGAL",west_bengal
429,2.0,1.3,0.6,2146.0,2045.0,1943.0,113567127.22284365,49932322.07212092,0.0,0.1,0.1,0.0,29.0,28.5,28.0,0.0,0.0,114318114.23559552,7.8,7.6,7.5,1773.0,"TANGRA, CALCUTTA ,WEST BENGAL",west_bengal
430,1.6,1.0,0.4,1777.0,1729.0,1680.0,0.0,30618729.14144223,35474646.00185926,0.0,0.0,0.0,29.0,28.5,28.0,0.0,85127600.5818057,0.0,7.5,7.4,7.3,1774.0,"TOPSIA CALCUTTA, WEST BENGAL",west_bengal
431,1.5,1.1,0.7,1833.0,1824.0,1815.0,83183520.0397429,0.0,0.0,0.1,0.1,0.0,28.0,27.5,27.0,0.0,831767188.3347263,5937103.779554364,7.3,7.3,7.2,1775.0,"DHAPA CALCUTTA, WEST BENGAL",west_bengal
432,1.0,0.7,0.4,1231.0,1220.0,1209.0,0.0,29030901.63886634,15922506.522282232,0.0,0.0,0.0,28.0,27.5,27.0,4148376056.775888,0.0,87654990.4575302,7.5,7.4,7.3,1776.0,"GARIA CALCUTTA, WEST BENGAL",west_bengal
433,1.0,0.7,0.3,926.0,889.0,852.0,7.0,7.0,7.0,0.6,0.3,0.1,28.0,27.5,27.0,9.0,9.0,9.0,7.8,7.7,7.7,1777.0,"BEHALA CALCUTTA, WEST BENGAL",west_bengal
434,2.0,2.0,2.0,817.0,763.0,708.0,0.0,0.0,77745357.44191107,0.1,0.0,0.0,28.0,28.0,28.0,1355084635.0638134,619562384.5297374,0.0,7.6,7.4,7.3,1778.0,"DOMJUR HOWRAH, WEST BENGAL",west_bengal
435,1.1,0.9,0.7,1030.0,984.0,938.0,258896761.25756323,47908049.49532547,34660485.2123912,1.0,0.5,0.1,29.0,29.0,29.0,0.0,0.0,114045660.17886277,7.9,7.6,7.2,1779.0,"DANKUNI (NEAR COAL COMPLEX), WEST BENGAL",west_bengal
436,1.8,1.1,0.5,924.0,593.0,261.0,0.0,0.0,0.0,0.9,0.5,0.1,28.0,28.0,28.0,959220901.9760357,0.0,19516917.57786422,7.9,7.6,7.3,1813.0,"RISHRA, WEST BENGAL",west_bengal
437,0.6,0.4,0.3,2444.0,2407.0,2370.0,900.0,900.0,900.0,0.1,0.0,0.0,26.0,26.0,26.0,1600.0,1600.0,1600.0,7.6,7.5,7.3,1931.0,COSSIPORE - NORTH KOLKATA,west_bengal
438,1.3,0.8,0.3,1119.0,992.0,864.0,7.0,7.0,7.0,0.2,0.1,0.1,27.0,26.5,26.0,14.0,14.0,14.0,7.7,7.6,7.6,1932.0,CENTRAL KOLKATA,west_bengal
439,1.1,0.7,0.3,1486.0,873.0,260.0,540.0,520.0,500.0,0.7,0.4,0.0,30.0,29.0,28.0,1600.0,1260.0,920.0,8.0,7.6,7.3,1933.0,"NEAR GALVANISATION UNIT, HOWRAH",west_bengal
440,0.4,0.4,0.4,2370.0,2320.0,2270.0,391677853.7851828,0.0,0.0,0.0,0.0,0.0,30.0,29.5,29.0,3814987894.257399,0.0,4623810.081406537,7.5,7.4,7.4,1934.0,CENTRAL HOWRAH-RESIDENTAIL AREA,west_bengal
441,1.0,0.7,0.4,1472.0,1461.0,1450.0,2.0,2.0,2.0,0.2,0.1,0.0,29.0,28.8,28.5,8.0,8.0,8.0,7.4,7.2,7.1,1935.0,INSIDE KOLKATA LEATHER COMPLEX,west_bengal
442,0.8,0.6,0.5,928.0,917.0,905.0,147141305.21604776,107166521.35873297,8813703.434287043,0.1,0.0,0.0,28.0,27.5,27.0,0.0,414344218.5034118,41378253.5388269,7.6,7.6,7.5,1936.0,RESIDENTIAL AREA AT SONARPUR,west_bengal
443,0.6,0.6,0.6,1570.0,1520.0,1470.0,0.0,29970679.67225042,0.0,0.3,0.2,0.1,28.0,27.5,27.0,13498163713.707724,0.0,0.0,8.0,7.7,7.5,1937.0,RAJARHAT - NEW TOWNSHIP,west_bengal
444,1.3,1.0,0.7,2240.0,1979.0,1717.0,2.0,2.0,2.0,1.1,0.6,0.2,32.0,31.5,31.0,3.0,3.0,3.0,8.5,8.3,8.2,1938.0,BASIRHAT MUNICIPALITY,west_bengal
445,2.6,1.4,0.1,384.0,366.0,348.0,0.0,0.0,0.0,0.4,0.2,0.1,30.0,27.5,25.0,0.0,0.0,0.0,8.4,7.9,7.3,1939.0,BARRAKPORE MUNICIPALITY,west_bengal
446,1.1,1.0,1.0,565.0,560.0,554.0,0.0,0.0,0.0,1.0,0.6,0.1,29.0,28.3,27.5,0.0,0.0,0.0,7.8,7.6,7.4,1940.0,NEAR THE PHOSPHATE COMPANY-RISHRA,west_bengal
447,1.1,0.7,0.3,410.0,398.0,385.0,0.0,0.0,0.0,0.4,0.3,0.2,29.0,28.5,28.0,0.0,0.0,0.0,7.8,7.6,7.5,1941.0,"NEAR FLY ASH DUMPING SITE-KUNTIGHAT, BANDEL",west_bengal
448,1.4,0.9,0.4,1441.0,1345.0,1248.0,185252620.66232848,93759976.71670829,53981848.57224372,0.4,0.4,0.4,33.0,33.0,33.0,0.0,872083033.0326146,0.0,7.5,7.4,7.3,1942.0,NEAR EXIDE INDUSTRIES-HALDIA,west_bengal
449,0.3,0.3,0.3,535.0,492.0,448.0,19146773.23985838,10545046.046098268,7581741.265925136,0.0,0.0,0.0,32.0,31.5,31.0,11401159814.74911,181639304.62696436,0.0,7.5,7.3,7.1,1943.0,"INSIDE TATA METALIKS, KHARAGPUR",west_bengal
450,0.8,0.7,0.6,116.0,108.0,100.0,66991841.38531515,175076710.53879598,22349241.3145598,1.5,1.2,1.0,30.0,30.0,30.0,3578738615.985177,0.0,47744504.10304358,7.4,7.3,7.2,1944.0,KHARAGPUR INDUSTRIAL AREA,west_bengal
451,0.8,0.7,0.6,590.0,494.0,398.0,0.0,7740640.119616203,37706743.22863113,1.1,0.6,0.1,26.0,25.0,24.0,32380756.433770716,0.0,0.0,7.6,7.3,7.0,1945.0,ENGLISH BAZAR- MALDAH,west_bengal
452,0.8,0.6,0.4,1016.0,1012.0,1008.0,234678834.93028286,0.0,34715847.61090851,0.0,0.0,0.0,28.5,27.8,27.0,0.0,330252010.2643608,0.0,7.5,7.3,7.2,2510.0,GEOKHALI BUNGLOW MIDNAPUR-EAST,west_bengal
453,0.7,0.5,0.2,500.0,465.0,429.0,0.0,117298213.79263534,0.0,0.7,0.4,0.1,29.0,27.5,26.0,0.0,0.0,62257495.541349985,7.9,7.5,7.2,2515.0,"SDO OFFICE, RANAGHAT",west_bengal
454,0.4,0.2,0.1,663.0,545.0,426.0,109189989.25303492,0.0,26163127.27681116,0.3,0.2,0.2,29.0,28.0,27.0,12865166304.80561,0.0,0.0,8.0,7.6,7.1,2516.0,"SDO OFFICE, KRISHNANAGAR",west_bengal
455,1.2,0.7,0.2,101.0,93.0,85.0,80.0,75.0,70.0,0.3,0.2,0.1,28.0,27.0,26.0,140.0,130.0,120.0,7.4,7.2,7.0,2526.0,FULBARI BARRAGE,west_bengal
456,2.5,1.6,0.8,796.0,774.0,752.0,2.0,2.0,2.0,0.5,0.5,0.4,29.5,29.3,29.0,4.0,4.0,4.0,7.5,7.3,7.1,2528.0,GROUND WATER POINT INSIDE BURDWAN UNIVERSITY,west_bengal
457,0.9,0.7,0.4,714.0,689.0,663.0,0.0,0.0,0.0,0.7,0.7,0.7,29.0,28.5,28.0,5552508429.981206,1048581685.2769539,0.0,7.5,7.1,6.8,2529.0,GROUND WATER POINT NEAR BURDWAN STATION,west_bengal
458,1.9,1.5,1.1,594.0,573.0,552.0,132126469.25895068,0.0,38610058.18331163,0.4,0.4,0.4,68.0,67.0,66.0,7746483377.820653,0.0,0.0,9.3,9.3,9.3,2530.0,HOT SPRING AT BAKRESHWAR,west_bengal
459,1.3,1.0,0.7,929.0,795.0,660.0,0.0,26611762.679765854,40831401.07441297,0.8,0.7,0.6,29.0,29.0,29.0,0.0,961015328.9169908,0.0,7.4,6.7,6.1,2533.0,SURI TOWN NEAR BUS STAND,west_bengal
460,0.7,0.6,0.5,493.0,488.0,482.0,0.0,0.0,21502035.6837812,0.2,0.2,0.2,31.0,30.5,30.0,556899252.156354,1091049229.0804617,0.0,7.3,7.1,6.9,2535.0,VISVA BHARATI,west_bengal
461,1.1,1.0,0.9,1013.0,664.0,314.0,0.0,92887113.06124681,0.0,6.6,5.7,4.7,29.0,29.0,29.0,10194834482.26944,414609165.5464032,0.0,7.1,7.1,7.1,2536.0,NALHATI RAILWAY STATION OF BIRBHUM,west_bengal
462,0.9,0.6,0.3,801.0,580.0,358.0,28371198.388171624,0.0,0.0,2.6,2.4,2.2,30.0,29.0,28.0,4844633471.4418745,159980240.97245768,82033058.1695682,8.0,7.5,7.0,2537.0,BOLPUR NEAR RAILWAY STATION,west_bengal
463,3.5,2.3,1.2,306.0,306.0,306.0,0.0,57082837.8098234,20521760.08610609,0.7,0.6,0.6,29.0,29.0,29.0,5576132081.5334835,0.0,34777036.31252301,7.0,7.0,7.0,2538.0,MOREGRAM CROSSING,west_bengal
464,0.9,0.8,0.8,1854.0,1791.0,1727.0,4.0,4.0,4.0,0.2,0.2,0.2,30.0,29.0,28.0,13.0,13.0,13.0,7.5,7.5,7.5,2540.0,SATI GHAT AT BANKURA TOWN,west_bengal
465,0.9,0.7,0.4,814.0,778.0,742.0,98374990.9265308,0.0,0.0,0.1,0.1,0.1,29.0,27.5,26.0,11376744153.938885,0.0,0.0,6.7,6.7,6.6,2542.0,DWARIKA AT BISHNUPUR TOWN,west_bengal
466,0.7,0.6,0.4,140.0,132.0,123.0,0.0,0.0,74218566.70367323,3.4,2.8,2.1,29.0,27.5,26.0,0.0,1082804.0483752564,35673390.930728704,8.0,6.9,5.7,2543.0,SDO OFFICE AT BISHNUPUR TOWN,west_bengal
467,1.7,1.4,1.1,1568.0,1027.0,485.0,8.0,8.0,8.0,4.1,4.0,3.9,32.0,29.5,27.0,13.0,13.0,13.0,7.5,7.1,6.8,2545.0,GROUND WATER POINT AT PURULIA RK MISSION,west_bengal
468,0.7,0.5,0.3,987.0,978.0,969.0,4.0,4.0,4.0,0.8,0.4,0.0,29.0,27.5,26.0,13.0,13.0,13.0,8.0,7.9,7.9,2546.0,ULUBERIA COLLEGE AT HOWRAH,west_bengal
469,1.4,0.8,0.3,2140.0,1594.0,1048.0,500.0,500.0,500.0,0.6,0.3,0.1,27.0,26.5,26.0,900.0,900.0,900.0,8.0,7.5,7.1,2547.0,"AMTOLA ON DIAMOND HARBOUR ROAD, 24 PARGANAS (S)",west_bengal
470,0.7,0.6,0.5,2040.0,1936.0,1832.0,2.0,2.0,2.0,0.2,0.2,0.1,29.0,28.0,27.0,11.0,11.0,11.0,7.5,7.4,7.2,2548.0,"HIDCO OFFICE, RAJARHAT",west_bengal
